Date,Bath Rugby,Bedford Blues,Bristol Rugby,Exeter Chiefs,Gloucester,Harlequins,Leeds Carnegie,Leicester Tigers,London Irish,London Scottish,London Welsh,Newcastle Falcons,Northampton Saints,Richmond,Rotherham Titans,Sale Sharks,Saracens,Wasps,West Hartlepool,Worcester Warriors
1998-09-10,1479.992480944305,,,,1273.1940885198806,,,1745.565175798075,,1249.7108167546835,,,,1354.238746139821,,,1521.1761935156414,,,
1998-09-17,,,,,,,,,,1247.1998815898019,,1433.7456234911178,1595.2047586632593,1335.3495870807233,,1291.5084032627813,,,1041.5231540802374,
1998-09-24,1474.3810834075346,1161.2152843609106,,,1294.8001571794434,,,1752.4822600143075,1452.4134764427108,,,,,,,,1524.1983417613337,,,
1998-10-01,1478.2566315266833,1159.7012328043095,,,,,,,,1228.5968558278364,,1417.8659608638989,,,,1305.2576801824318,,1496.5288125964669,,
1998-10-08,1480.1605559103916,,,,1281.612419282176,1512.723847950972,,,1448.0241119035613,,,,1593.0649115208073,,,,,,1033.4424258157346,
1998-10-15,1487.6621961331864,1177.7766116786015,,,,,,,,1221.5334587145458,,1433.7034147785166,,1352.7251805665985,,,1547.1849178476386,,,
1998-10-22,,,,,1295.4418285477084,1504.7752664438572,,1738.7416609016218,1459.0643551822434,,,,1598.9159844920114,,,,,1475.1789211122277,1027.2735714332143,
1998-10-29,1494.4444220254306,1166.5295900428926,,,1298.4608980750547,1507.2493980554339,,1721.833908305892,1447.4569426720327,,,,,,,1284.2751332642254,1520.798910319563,,,
1998-11-05,,,,,,,,,,1233.1457679611485,,1439.5995447153687,1612.4941136111984,1388.6356466392194,,,,1478.5583301517468,1024.4614776289875,
1998-11-12,,,,,1301.3236016602991,1529.3698331840699,,1725.460962962479,1426.6517918030459,,,,1617.3099461974728,,,,1514.2174764675274,,,
1998-11-19,,1153.5030983691527,,,,,,,,1223.4231409914137,,1448.5015071032624,,,,1307.4056596089347,,1490.9222470797185,,
1998-11-26,,,,,1317.421031648515,1536.178816330505,,,1438.672590767213,,,,1605.5596680889673,,,,,1494.7241825486713,1012.6782375705395,
1998-12-17,1455.202630916292,1130.918839363801,,,,,,1710.8722444529708,,1225.370498304286,,,,,,1312.5629249489145,1509.6852154284938,,,
1998-12-24,1440.5470973645986,,,,1304.4491785845155,,,,1444.2168544355093,1214.301478506553,,1450.7394881750229,,,,,,,1031.3917360103774,
1998-12-31,,,,,,1527.303980986666,,1715.3242607039924,,,,1451.8422417674592,,1376.6752899826336,,,1501.3327125020335,1505.7793290749898,,
1999-01-07,,,,,1314.289642907545,,,,1467.2099124967033,1236.3099273800262,,1445.5076002476064,1604.1141864452427,,,1292.4726631975395,1502.7701514248615,1480.2058945456229,1052.5005886749595,
1999-01-21,1447.8831080487466,,,,1301.4371217652395,1519.8857851057571,,1716.1421200576099,1488.910954783584,,,,,,,,,,,
1999-01-28,,1121.2412036341361,,,,1502.422582211746,,1717.273391415012,,,,,1618.7041652063867,1380.1441527774182,,1275.2353024232768,,,,
1999-02-11,,,,,,1493.6012377603035,,,1509.7762149262726,,,,1599.016291108599,,,1257.5369857457647,,1487.880000728445,,
1999-02-18,,1141.4855805915226,,,1287.2900929022865,,,1734.7510569528174,,1269.4207994039689,,,,1382.526979681892,,,1526.6309708177396,,,
1999-03-04,,1128.8385260586788,,,,,,,,,,,,,,,,,,
1999-03-18,,,,,,,,,,1249.08961740516,,,1587.2613998840086,1368.1888962595476,,1282.5267967321945,,1477.4439777755354,1066.9161971200588,
1999-04-01,,1161.8999407238578,,,,1495.5064155592668,,1748.9754833999405,1499.5803446862292,,,1432.1948659365705,1591.633117651591,,,,1491.1586447862287,,1070.4380563220118,
1999-04-08,1496.1444773199773,,,,,,,,,,,,,,,1295.1905699807787,,,,
1999-04-15,,,,,,,,,,,,,,,,,,1462.5341177333291,,
1999-04-22,,,,,,1497.2634314833344,,1734.091055619379,1492.3186177421476,,,1431.8315397997449,1605.5850153091599,,,,,1470.0901905637058,1062.4511339695896,
1999-04-29,1488.2807556438668,1156.8963694540425,,,,,,,,,,1435.8136167672199,,1361.750897022077,,1291.836146138997,1472.2051046611014,,,
1999-05-06,,,,,1238.630860396116,,,,1475.18860343687,,,1429.4491484245198,1613.954096515609,1350.6855415249315,,,,1486.1385071711966,1046.5258295977173,
1999-05-13,1468.1632982706408,1163.766302358757,,,,,,,,1241.8116601096906,,1441.8920966842165,,1337.574759626396,,1296.8422167087829,1492.0500195419834,,,
1999-05-20,1471.2365313845187,1153.1642810664675,,,1256.5645797173104,1537.8640300648606,,1744.035969967185,,,,,,,,,1509.9833131235662,,,
1999-09-16,,,1304.5336765795405,,1271.3303665393025,1519.3661304648147,,,,,,,1614.2875502885934,,,1312.070539277204,1492.5945330272114,,,
1999-09-30,1502.5780454894125,1143.5002136778792,,,,1527.0309186653235,,1731.6295718203994,,,,1400.710980807159,,,,,,1477.1524150272653,,
1999-10-07,,,1338.1587467171848,,1289.904972638542,,,,1509.5162395863642,,,,1607.7327500335598,,,1326.1749739411255,1486.614606200966,,,
1999-10-14,1490.9157376353655,,,,,1499.3434772603698,,,,,,,1587.841987357469,,,,,1473.3532866856967,,
1999-10-21,,,1339.5118412146276,,1302.2894751276913,,,,1490.2985221397062,,,,,,,1339.3948464527691,1511.8473712221012,,,
1999-10-28,,,,,,1487.9758587486974,,1720.1234904854998,,,,,,,,,,,,
1999-11-04,1485.5937335270874,,,,,,,1720.5771360361555,,,,,1573.1917369681005,,,1328.9432304720376,,1466.8984711476044,,
1999-11-11,,1136.0894424479984,1325.3719052597141,,1333.7497782504026,,,,1477.572659754643,,,1403.0184844543626,,,,,1529.1167972888863,,,
1999-11-18,1496.7978438297125,,,,1349.0907242560988,1506.1258918048154,,1716.515346110509,,,,,1586.9170112171946,,,1303.9834583907013,,,,
1999-12-09,,1131.4972561688858,1325.4480375095711,,,,,,1476.1443433938227,,,1384.372204395547,,,,,1529.367097645464,1467.2299165725806,,
1999-12-23,,,,,,1500.7668535571256,,,,,,,,,,,,,,
1999-12-30,1477.9427143823318,1119.5413685295466,1341.079093164784,,1377.6920121624871,,,1713.3069570944485,1468.8673386688938,,,1387.1829432182801,1593.4625393739734,,,1303.9770465781335,1521.1276194470831,1472.5573013362311,,
2000-01-27,1479.1233696469994,1113.8549457412219,,,1392.5427351131168,1477.7859185002826,,1716.9509083533426,1467.3191909673365,,,1392.7860543455115,1606.9678652330172,,,1287.259042303779,1522.5040324873255,1456.2033539640802,,
2000-02-17,1494.5246050222445,,,,,1465.730325513351,,1726.5053118654882,,,,,1596.228705370886,,,1274.2291656525235,,1466.962640088761,,
2000-03-02,,,,,,,,,,,,1393.3642079645676,,,,,,,,
2000-03-09,,,1358.010482956025,,,,,,,,,,,,,,,,,
2000-03-16,,1108.8100419524362,1370.2485965648664,,1390.9037492251755,,,,1468.1425695052303,,,1379.3816774464428,,,,,1514.5585010336606,,,
2000-03-30,1515.3560328073568,,,,,1435.1067933083093,,1730.4186973195685,,,,1392.6067820632595,1607.5689912753835,,,,,1482.3726449014255,,
2000-04-13,,1125.559724150263,,,1396.467843258728,,,,,,,,,,,1278.0382261437514,,,,
2000-04-20,1530.9001407993246,1121.0033125587165,,,,1435.6420099063519,,1732.1724776776202,,,,1386.0718464483746,,,,,,1462.5837644063336,,
2000-04-27,,1113.6816973737218,1393.895584887195,,1405.5287389105588,,,,1455.6716615517623,,,,1574.1575799009267,,,1272.2500428473772,1512.2921488264526,,,
2000-05-04,1554.3932956157835,1106.71484255606,,,,,,1739.4751278871884,1441.0908363176309,,,1386.975016285291,,,,,,1461.100145435208,,
2000-05-11,1562.0351960043072,,1410.7130911108707,,1398.3165937161355,1418.1080536534246,,,,,,,1550.3233701740344,,,1281.1028226810085,,,,
2000-05-18,,1094.187304021829,1405.21037090595,,,,,,1441.409663968674,,,,,,,,1528.7696046692301,,,
2000-05-25,,,,,,,,1754.6768427359405,1423.5843689838282,,,1363.6863134184946,,,,,1533.821956772283,1477.4308533827398,,
2000-08-24,,,,,,1395.1165056339544,,,,,,1378.7665033130722,,,1286.9663413843907,1309.0514506047086,1539.0121172587494,1470.3778183421803,,
2000-08-31,,,1401.080848220395,,1391.5253864072013,1400.5358995543231,,,,,,1374.3622766025667,1542.0720185887524,,,,,1456.2788721736315,,
2000-09-07,1559.1668406619788,,1375.3763634803781,,,,,1769.5946620083505,1446.5456981754055,,,1373.311325968094,1543.5835246811798,,1268.866294861248,1313.523452215396,1519.8063726172704,1463.1024636180764,,
2000-09-14,,,1361.3077412762705,,1408.5718354317949,1378.151076724575,,,,,,1378.8044265900232,,,,1348.2789063810644,1536.9372063610556,,,
2000-09-21,1574.4534668000226,,,,,1386.1229268526906,,1755.0039711165846,,,,,,,1255.2557460496034,1338.3899741136129,,1501.1914678588207,,
2000-09-28,,,1374.3088232587918,,1410.5919436417637,,,,1463.5604104863294,,,1388.0541477298805,1544.9429756092059,,,,1549.0219205454275,,,
2000-10-05,1547.6440536295288,,,,1417.9688509259638,1361.9703625716475,,,,,,,,,1268.9118734186513,1341.7109103100886,,1498.7147648040655,,
2000-11-23,1551.0483983383444,,1372.6029122632428,,1431.6540854319205,,,1728.6408348623734,1453.695459719501,,,,1539.4205777267182,,,,,,,
2000-11-30,1553.2879543400607,,,,1440.8872150589734,1351.3597725938746,,,,,,1413.1876834277136,1543.5428689656376,,,,,1499.9629227102448,,
2000-12-07,,,1383.4588824022699,,,,,1735.4509631468854,1451.9900441249622,,,,,,1252.7811161484558,1343.0700560570565,1522.136668376235,,,
2000-12-21,,,1392.6973663173947,,,,,1739.0068990299123,1462.394270988276,,,,1564.9787679751125,,,1348.9385515424076,1526.0070737049912,,,
2000-12-28,1536.3555864705527,,,,1435.0103547395606,1324.8168403383684,,,,,,1398.1910106134435,,,1244.3523709624326,1333.9107717420688,,1510.6899670423961,,
2001-01-04,,,,,,,,,,,,,1566.8361770354938,,,,1510.1921394516671,,,
2001-01-11,1557.0681333532473,,1408.122759298999,,,,,,,,,,,,1261.96218521961,,,,,
2001-02-08,,,,,,1331.7905049777746,,1752.7240651642294,,,,,,,,,,,,
2001-02-15,,,1412.7335189553173,,1395.4755793669315,,,,1442.799945729067,,,1412.2612779091953,1559.856342660548,,,,1496.8685943995526,,,
2001-02-22,,,,,,,,,1446.6117403441226,,,,,,,,,,,
2001-03-01,1547.5168924793768,,,,,,,1761.59386511844,1441.5608407510858,,,,1562.8698750281376,,,,,,,
2001-03-08,,,,,,,,1762.605543848338,,,,1393.2216803336646,,,,,,,,
2001-03-15,,,1405.720857141401,,1395.7496307852866,1360.1469961433645,,,1421.5290466568865,,,1399.6962657387714,1553.3594445365554,,,,1501.2030642130567,,,
2001-03-22,1553.9526913788452,,,,,,,1773.5412453056556,1434.6340956988904,,,,,,1238.4911173224664,1305.249638987236,1506.9383702467578,,,
2001-03-29,,,,,,,,,,,,,,,1224.266559195226,,,1552.5572396174796,,
2001-04-05,1558.3359922550144,,,,1429.808434692663,1379.7404019363091,,,,,,1403.6720921820413,1547.720431105496,,,,,1554.3649039424215,,
2001-04-12,,,,,,,,,,,,,,,1212.3126787691035,1324.9968352632072,,1558.334807906863,,
2001-04-19,,,1409.43262649871,,,,,1754.743323979874,1421.444240295175,,,,,,1207.0831863699955,1316.5970424131606,1505.461498048856,,,
2001-09-06,,,1390.2355427143546,,1433.1627231023188,1359.4710159095775,1317.5414816584973,,,,,1427.6208291120192,,,,,,1573.3860806813486,,
2001-09-13,,,,,,1343.9984188443516,,1739.179068997541,1441.5212162857433,,,,1530.7741873373734,,,1347.4616339354748,1505.3393013912118,,,
2001-09-20,1519.2309526270044,,1402.9074889734902,,1420.5624042143827,,1303.4920797127186,,,,,1409.8089715683166,,,,,,1547.3048393503186,,
2001-09-27,,,1408.5433438916505,,,1365.5448885110209,,1748.3285003837573,1426.7518756157126,,,,,,,1354.5471474486558,1531.8740415509976,,,
2001-10-18,1520.3791804062885,,,,1441.7457178062134,,1314.4782455723075,,,,,1435.2886708457975,1521.6924806070829,,,,,1512.395756747797,,
2001-10-25,,,1413.017147389095,,,1373.284066846815,,1760.0754160190827,1454.6209428610773,,,1440.405112676648,,,,1364.8310561690107,,,,
2001-11-15,1513.1516982056714,,,,1441.2457489959272,,1331.2000138325254,,,,,,1499.4986293053714,,,,1516.9309885845928,1481.7106471318357,,
2001-11-22,,,1417.4030813584454,,,1394.220698149973,,,1457.9453338504486,,,1466.6592686357894,,,,1355.8028322488494,1485.7749121280185,1486.1663372058247,,
2001-11-29,1508.3417115460825,,,,1443.581520703738,,1311.2138868902534,1744.3694668908167,,,,,1470.6061916174892,,,,,,,
2001-12-06,,,1421.223397866192,,1448.432548950829,1375.4331765124314,,,1468.5380142659408,,,1443.1000595582245,,,,,,1485.4631530741067,,
2001-12-13,1505.7202357155386,,,,,,1317.2199646870633,1753.4664220567795,,,,,1495.1938238217913,,,1387.2454091650245,1482.354096755814,,,
2001-12-27,,,,,,1360.294272393934,,1759.1883943972412,1478.7093288008932,,,,,,,,,,,
2002-01-03,1511.6929063163914,,,,1450.6294440469171,,1306.3220750782395,,,,,,1503.1768942896567,,,,1478.7347910329447,,,
2002-01-31,,,,,,1343.6860255506838,,,,,,1436.8772661621595,,,,,,,,
2002-02-14,1515.7916849451776,,,,1459.7974869907969,,1294.3813444325006,,,,,,1494.4212550617347,,,,1471.7748686851942,1509.0814344557282,,
2002-02-28,,,1417.4663504056734,,,1327.2746863260306,,1768.5839176069476,1471.6606125718756,,,,,,,1418.1879871227825,1450.691830857033,,,
2002-03-14,1496.0623172125797,,,,1478.9701394598715,,1327.4969585231026,,,,,,,,,,,,,
2002-03-21,,,,,,1339.654451248192,,1778.1296952740272,1478.1738151507811,,,,1496.1543061461475,,,1422.8459682439914,1460.7197162071652,,,
2002-04-04,1469.8716529216122,,1405.6286036373992,,1484.831027473194,,1312.2556118930845,,,,,1434.9408535324624,,,,,,1505.7924865697034,,
2002-04-11,,,,,,,,,1497.1394428065084,,,,,,,,,1513.6361742913339,,
2002-04-18,1466.451033426474,,,,,,,1761.6392621866678,1488.8140101685156,,,,1519.7225632452814,,,1422.6824213228158,1438.2947013377857,,,
2002-04-25,,,1383.3712966865412,,,,,1762.550586617622,,,,,,,,1431.7011062354618,,,,
2002-05-02,,,,,,,,,,,,1442.7151238118638,1525.5869852813587,,,,,1531.8081104754306,,
2002-05-09,,,1397.6085503483005,,1491.279323638642,1345.0767429547905,,,1470.5830524178741,,,1455.1922234916483,,,,1454.3857341758235,,1540.1155877659976,,
2002-05-16,1435.8070281493647,,,,,,1285.248332252418,1744.3598261357558,,,,,1536.2447624134286,,,1459.776866949412,1398.2605389068985,,,
2002-09-05,,,1391.7624912486654,,,1328.8386719519533,1307.217665761938,,1441.86555469037,,,1465.3314901493195,,,,1470.8962189639765,,,,
2002-09-12,,,,,1518.9906754981955,,1320.4238027995207,1723.6608103893293,,,,,1531.8185408117686,,,,1424.8561048325118,1545.9866463244116,,
2002-09-19,1442.821199695906,,1375.85059381975,,,1310.8463722746264,,,1437.0442764629895,,,1444.1883060560433,,,,1481.0891776713029,,,,
2002-09-26,,,,,1537.7491515007714,1323.7491098203461,1338.1847047755496,1708.7880035227095,,,,,1548.8689564887695,,,,,1551.333644099164,,
2002-10-03,1436.690982333948,,1391.1006486500962,,,,,,1412.080005196689,,,1447.1626212993256,,,,1484.3852034702536,1424.8670530761472,,,
2002-10-10,,,,,1543.5613253132722,1332.372620848463,1343.1326766110126,1691.9189788123447,,,,,1544.9955483931585,,,1490.7313006057193,,,,
2002-10-31,1414.8550468224496,,,,,,,,1394.105374683838,,,1444.6200738166544,,,,,1412.3781042281116,1562.1416611077213,,
2002-11-07,,,,,1544.593115608791,1343.7061111715145,1372.4709421671948,1703.863954470518,,,,1426.5782299811335,,,,1485.9441477258756,,,,
2002-11-14,1414.8529128762855,,1385.2322456969848,,,,,,1400.27435812522,,,,1536.402002370125,,,,1408.9165817237495,1548.6693849731257,,
2002-11-21,,,1381.7320169702625,,,1352.8675618949346,1395.1351629584094,1719.1713854386935,,,,1399.7941007352506,,,,1481.1407163827948,,,,
2002-11-28,1413.3762652496405,,,,1556.4941779674136,,,,1422.7786770968667,,,,1526.5294242637162,,,,1410.812335040078,1514.703436715047,,
2002-12-05,,,,,1561.3149428291672,1359.4082606280992,1378.6351236080914,1679.156202631666,,,,1375.1504643431217,,,,1505.1992773950046,,,,
2003-01-02,1414.423495784319,,1427.5436780049424,,,,,,1425.141031215234,,,,1531.4982986889834,,,,1408.0289517282638,1540.7195984568295,,
2003-01-09,,,,,1584.723462637186,1363.4498444668386,1380.7774447679813,1667.9448261522518,,,,,1511.9616280814587,,,1498.6285633499242,,,,
2003-02-06,1396.9954612455947,,1398.8651218484015,,,,,,1430.0036117775696,,,1371.4865271176136,,,,,1395.1924482937338,1541.1836603565603,,
2003-02-13,,,,,1598.4774129721393,1343.9793383155,1381.043835494105,1677.7810274434885,,,,,1509.5314133770817,,,,,1546.529388194882,,
2003-03-06,1401.8429440883747,,1403.3903721480845,,,,,,,,,,,,,,,1550.8354771250622,,
2003-03-20,1389.0799294507328,,1393.7217636944333,,,,,,1405.5967218654987,,,1402.9237154072935,,,,1528.8618766310994,1370.8453849283173,,,
2003-04-10,1394.7666230566726,,,,,,1384.2965386402436,1664.2696401711255,,,,,,,,,1355.5084774796735,1565.407515007998,,
2003-04-17,,,,,1611.5624173886304,,,,,,,,1527.2314379143247,,,,,,,
2003-04-24,,,1378.4788515081257,,,1367.2951963548805,,,1393.8921586775125,,,1412.4649018477514,,,,1522.985022796127,,,,
2003-05-01,,,,,1615.3382147302902,,,1648.0651674765406,,,,,1523.0648011827232,,,,1364.7727693184536,,,
2003-05-08,,,1378.5656768193246,,,1353.5624771138234,1414.8733468575656,1625.7321210018865,,,,1419.504940765206,,,,1499.7850099918314,,,,
2003-05-15,1395.056020996594,,,,1608.6676146772406,,,,1423.5609773447213,,,,1539.161576892661,,,,1371.2040522764748,1568.040799573315,,
2003-05-22,,,,,,,,,,,,,,,,,,1575.6412575313168,,
2003-06-05,,,,,1591.1423846721807,,,,,,,,,,,,,,,
2003-09-18,,,,,1592.4802311278845,1391.729242482674,1392.7576872404265,1619.9838960609354,,,,1392.1703711626033,,,,1483.8373196483792,,,,
2003-09-25,1424.7684087525158,,,,,,,,1434.4798293163597,,,1403.8321569420666,,,1195.764240432744,,1392.9258503486665,1580.8683884307493,,
2003-10-02,,,,,1581.7027974614816,1411.3058925427567,1392.596290705506,1619.2570483102372,,,,,1531.8078651253575,,,1454.223873354895,,,,
2003-10-09,,,,,,,,1598.4148245792935,1432.3813393103571,,,1415.3835992720417,,,1186.756285887422,,1398.3883290886013,1550.304071523481,,
2003-10-16,1465.143416062539,,,,1576.4050261981704,1411.011544504334,1394.0409594871248,,,,,,1517.6917135227209,,,1461.1417562331112,,,,
2003-10-23,1471.397509950971,,,,,1400.3119876406054,1409.3632108596644,,,,,,1523.0357326282874,,1177.3072973111375,,,1569.5459256988504,,
2003-10-30,,,,,1591.0149354218465,1386.1276194396037,,1555.4965216732473,1449.0294099419393,,,1411.997627772673,,,,,1373.2241582304514,,,
2003-11-06,1472.2781116456454,,,,,,1388.3473342037762,,,,,,1551.2633974576709,,1165.283910535034,1464.8577134158895,,1583.6227315584254,,
2003-11-13,,,,,1561.2383702933166,1416.9179353820998,,1553.5549236401505,,,,1410.718973696102,,,,1471.089870719759,1369.1604204890464,,,
2003-11-27,1498.142757408933,,,,,,,,1461.6086745958053,,,,1541.93085851728,,1158.217271684119,1476.6628016313668,,1581.8899147222207,,
2003-12-04,,,,,1561.2808103350312,1393.1228372750488,,1539.488978230119,1470.6088442395526,,,1418.1424976406477,,,,,1367.0013749460109,,,
2003-12-25,1522.109394197187,,,,,,1409.6054638582766,,,,,,1542.4742556222445,,1148.8181920834547,1461.4480118481845,,1596.1206424388986,,
2004-01-01,,,,,1551.4760172008612,,,1535.9038689472293,1464.256886926538,,,1425.517816791114,,,,1463.412808048275,1358.089867795747,,,
2004-01-08,,,,,,,,1519.9212220394684,1449.976589490922,,,1408.0630283070236,,,1142.5165738729536,,,1613.0298555983718,,
2004-02-12,1523.489987011249,,,,1571.7301508623318,1419.2754838204844,1379.6441130808594,,,,,,1544.9336549138718,,,1456.9162611508457,,,,
2004-02-19,,,,,1576.988493538772,,,,,,,1386.5368489091504,,,1138.6514221487707,,1346.3237754575287,,,
2004-02-26,1528.4723453312454,,,,,,,,1450.0303357213825,,,,1560.3626090225553,,1135.2875675663604,,1356.1739003386513,1632.918068258379,,
2004-03-25,,,,,,,,1541.5289293917222,1436.2198890325876,,,,,,,,,,,
2004-04-01,1547.7533593715673,,,,,1398.8847127356094,1387.4388182573318,,,,,,1563.7965922316946,,,1459.3070533181715,,1633.6321984762858,,
2004-04-08,1553.669624304261,,,,,,,,1425.7591807441024,,,1383.207389087909,,,1126.7886230211259,,1343.7223380542716,1640.0458467106164,,
2004-04-22,,,,,1580.636152499773,1406.2434740093,1387.1884763051223,1554.7956672568343,,,,,1565.7706899077045,,,,,,,
2004-04-29,,,,,,,,,,,,,,,,1459.7948949560516,,,,
2004-05-06,,,,,1591.4358236025837,1419.6069477535932,1376.9508306791627,1555.8334073888107,,,,1361.801030244365,,,,,1353.0077614410873,,,
2004-05-13,1542.4390552216337,,,,,,1362.8473316267916,,1417.3550193876115,,,,1580.3412141345048,,1115.14480777628,,,1618.381460988334,,
2004-05-20,,,,,,,,,,,,,,,,,,1625.705878800347,,
2004-06-03,1528.8005265949218,,,,,,,,,,,,,,,,,,,
2004-09-09,,,,,,,1353.9504160929866,,1425.7952190514359,,,,1580.1584709158365,,,1473.6842537038062,1389.6126797947925,,,1285.8913494030726
2004-09-16,1501.3951542395566,,,,1593.9901833745441,1396.412773825294,,1565.6512847812396,,,,,,,,,1395.1410684435316,1601.197057227394,,
2004-09-23,,,,,,,1342.7319939416755,,1410.1592873003378,,,1412.661669777673,1574.1973971988402,,,1499.8209195205395,,,,1271.5635928520785
2004-09-30,,,,,1613.918302569468,1375.914920451639,,1585.5226055617022,,,,,,,,1502.8647056635364,1371.5627360448855,1612.5769250973142,,
2004-10-07,1534.0965134589999,,,,,,1349.1414893453245,,1414.0472218394684,,,1398.802289400684,1550.861015987941,,,,,,,1280.7462426199093
2004-10-14,,,,,1605.1518795484524,,1355.5947526956022,1589.9744170175968,,,,,,,,1495.0007407433554,1379.1935050923182,1630.536841126292,,
2004-10-21,1526.580950134693,,,,,1352.2659427578965,,,1414.631010250366,,,1391.245611632778,1518.0589501851914,,,,,,,1268.6933149453087
2004-11-11,,,,,,,1387.9271476128326,1607.4155843884982,1419.1839048585616,,,,,,,1517.8588009828616,1372.2136437440422,1646.1089099132612,,
2004-11-18,1545.9470992982647,,,,1586.8340432575974,1359.3075789966206,,,,,,1394.7105627969854,1485.5273708050415,,,,,,,1258.845203490423
2004-11-25,,,,,,,1368.7045949118374,,1445.350098883791,,,,1463.5954790358317,,,1489.444196865367,1379.2702490949082,1655.638437251104,,
2004-12-02,1561.9486259500175,,,,1576.6503726640856,1388.0063752783053,,1621.0750569151091,,,,1398.6515758029484,,,,,,,,1301.201082941285
2004-12-30,,,,,,,1345.3313105415632,1622.9656733387371,1423.9213312399954,,,,,,,1494.5304089443796,1372.773396636323,1641.9423353417392,,
2005-01-06,1529.6587880759741,,,,1555.216742938686,1383.7562706983083,,,,,,1425.1424366409203,1473.6355367675947,,,,,,,1312.156157001514
2005-02-03,,,,,1558.039976209805,,1351.19009446523,1640.3419093265684,,,,,,,,1491.46111384656,1403.412296815156,1629.9378320466715,,
2005-02-10,1548.658070777956,,,,,1395.791431428825,,,1386.805982898815,,,1431.5774404561405,1447.0668303321454,,,,,,,1319.2395978328136
2005-02-24,,,,,1552.0144512754107,1377.0224723504236,,1644.5528205535813,,,,,,,,1509.0002081421094,1404.1979990019645,1618.0789293990294,,
2005-03-03,1519.1773424814469,,,,,,1322.8831238835742,,1395.3479999072629,,,1428.551037585762,1458.4989541400455,,,,,,,1352.5057582181676
2005-03-17,1523.3025294225765,,,,1532.492242731868,1407.349234747587,,1631.961608121521,,,,,,,,,1429.516432566818,1629.1748678971346,,
2005-03-31,,,,,,,1339.7205648590261,,1380.787947235701,,,1406.1392306636665,1484.1047436140213,,,1472.001426833786,,,,1334.6660545548266
2005-04-14,1543.1010754285714,,,,1522.5214442974163,1383.8183470208899,,1617.7283095641492,,,,1387.5080336875878,,,,,,1644.1228893328198,,
2005-04-21,,,,,,,,,,,,,1483.075996290866,,,1477.7119887591352,1454.4223144124035,1646.3272732767139,,
2005-04-28,,,,,,,1370.5391418528693,,1386.5026115251874,,,,,,,,,,,
2005-05-05,1533.3112941113934,,,,1493.9041974617028,1361.64245654328,,1612.9423553041975,,,,1390.2894979468174,,,,,,,,1364.2033985708285
2005-05-12,,,,,,,,,,,,,,,,,,1640.9267323398685,,
2005-05-19,,,,,,,,1597.3755721557345,,,,,,,,,,,,
2005-09-08,,,1385.4135009278766,,,,1374.8096293598705,1602.339150631785,,,,,,,,1491.8085210343795,,1660.2897735691656,,1364.731986915103
2005-09-15,1500.9819530224665,,,,1501.8323542275996,,,,1377.3382629997973,,,1368.0968883235355,,,,,1474.6459882578092,1654.535038104622,,
2005-09-22,,,1388.8376749744095,,,,1362.2231257492222,1613.5386909761428,,,,,1463.4003150751134,,,1488.8235583756268,,,,1393.8577430431658
2005-09-29,,,,,1521.8038390565116,,1354.3904060510292,,1380.9303130583658,,,1375.0813511229892,,,,,1447.3168891318064,1663.8398162020844,,
2005-10-20,1517.2488322764966,,1365.5769812222672,,,,,1611.6484200963614,,,,,1462.728168123611,,,1518.5497797755604,,,,1398.7241604629035
2005-11-10,,,,,1517.803934780301,,1336.5498342245974,,1388.1620508111066,,,,,,,,1470.060328639788,1652.034375150288,,1414.6568505538598
2005-11-17,1498.7132673361193,,1370.9600353412131,,,,,1601.9102207737494,,,,1363.633093068817,1444.6072097890064,,,1534.3030011554376,,,,
2005-11-24,,,,,,,1341.410231235137,,1416.6046944459736,,,,,,,1545.1084062314249,1480.4444653484393,1665.8093613293204,,1416.7009294647125
2005-12-01,1473.9139843207156,,1378.5095622030785,,1507.2954371413516,,,1595.0771113044934,,,,1377.0892999980933,1415.0988484368909,,,,,,,
2005-12-29,,,1394.5630927156476,,,,1346.0099486782767,,,,,,,,,1535.4963969067169,1454.2281267998997,1651.7022178747802,,1418.5340099224004
2006-01-05,1474.1278978573614,,,,1506.9365536453124,,,1584.047305931103,1422.1341117924344,,,1402.435794696497,1417.869093241193,,,,,,,
2006-01-12,,,,,,,1354.8082892057225,,1411.3117661681104,,,,,,,1554.612403777955,1434.662484061483,1663.1244434224411,,1392.9764836908216
2006-02-02,1476.5711643379568,,1366.215316917246,,1501.8487552472275,,,1589.6281555283786,,,,1409.4880194299194,1440.237194601635,,,,,,,
2006-02-16,,,,,1513.3714143614652,,1357.7337746932535,,1413.7699329063028,,,,,,,,1410.239455846088,1638.4349949024122,,1397.9039927900476
2006-02-23,1472.5320358515894,,1362.6963366328614,,,,,1581.9693604437027,,,,1413.1440635275255,1456.648573797776,,,1574.3537965730472,,,,
2006-03-02,,,,,1508.734616383423,,1364.2814973765046,,1441.8676083620292,,,1427.565238923187,,,,,1385.2057840237326,1639.599609574637,,
2006-03-16,1497.2840720894017,,1366.0254325902592,,,,,1570.9979211494626,,,,,1457.9332235920829,,,1546.4469190110651,,,,1401.5043186975365
2006-03-30,1483.3056357797839,,,,1478.0048480895941,,,,1442.8878988148458,,,1405.7043404746314,,,,,1414.73381525004,1624.8752432672625,,
2006-04-13,,,1395.3181826644425,,,,1343.6772368128795,,,,,,1482.0313262576506,,,1565.928722129989,,,,1378.3330362674021
2006-04-20,1480.630022893801,,,,1477.6987560926475,,,,1462.9858642429342,,,1410.9954852195642,1469.0977878534757,,,,1444.6672577461484,,,
2006-04-27,,,,,,,,1606.796449655414,,,,,,,,,,,,
2006-05-04,,,1375.3997706340276,,,,1326.772959295857,,,,,,,,,1557.8739063926926,1433.8525426473648,1580.3744448648472,,1382.338722739787
2006-05-11,1480.0712075716744,,,,1475.9656039510926,,,1620.446663606633,1490.2431556538934,,,1407.4942761977322,1468.9227603120019,,,,,,,
2006-05-18,,,,,,,,1625.346583848125,,,,,,,,1581.0353774724647,,,,
2006-06-01,,,,,,,,,,,,,,,,1591.0266649513458,,,,
2006-09-07,,,,,1484.6060409459255,,,1623.0950287794226,1490.3923036117005,,,,1475.5698746442115,,,,1415.888683758414,,,1359.8921491663446
2006-09-14,1485.2449984161524,,1386.0740277505884,,,1344.5613373688284,,,,,,1408.0849931949474,,,,1588.716916404997,,1600.9735153434435,,
2006-09-21,,,,,,,,1602.0912287312435,1465.5484198603992,,,,1479.1417508827553,,,,1427.157023634614,1603.6099151689664,,1344.3417779245965
2006-09-28,1481.1046692274892,,1420.8602590606533,,1511.5564107855425,1334.3636143566225,,,,,,1385.6620079888996,,,,1601.0915675113808,,,,
2006-10-19,,,1426.8273594579712,,,,,,1467.5389420156125,,,,1459.7478694439496,,,,1433.562717230419,1591.635638304819,,1329.0154516365965
2006-11-09,1454.0443662913156,,,,1527.937154377633,1341.4843673094085,,1623.5050452921803,,,,1392.2015440358973,,,,1621.18559693597,,,,
2006-11-16,,,1432.471065341136,,,,,,1469.1052787467422,,,1374.153848858062,,,,,1443.0044710648679,1588.7254741035877,,1314.5019242444394
2006-11-23,1432.1121088350376,,,,1553.0047445309667,1366.6498603942184,,1612.8499187093287,,,,,1441.9849905796993,,,1583.5356329773438,,,,
2006-11-30,1439.4988650672512,,1461.5804013641489,,,,,,1472.201338711052,,,,,,,1586.7587836943735,1439.4170363499538,1563.3271667679287,,
2006-12-28,1453.1561849411428,,1465.8233114503037,,,1349.5290919730671,,1632.332880326266,1497.3602068703628,,,1403.7328915293604,1447.19483100242,,,,1461.6253662972185,1558.524954359875,,1308.823686134579
2007-01-04,1457.2417793916723,,,,1540.1165015759766,1374.7273160979064,,1622.9454622367373,,,,,1418.614967268754,,,1538.955938194218,,,,
2007-01-11,,,,,,1386.0619490279892,,,,,,1410.3918542727206,,,,1547.5007727919085,,1549.1696987581258,,
2007-02-01,1452.5988302578655,,,,1540.6008691396853,,,1610.0590170717312,,,,,1404.3774788598141,,,,1466.89631079496,,,1322.3162529899198
2007-02-22,,,1505.057956175219,,,,,,1487.998304488067,,,,1387.0963534855994,,,,1477.917544901984,1553.4416940640842,,1315.5650935288022
2007-03-01,1442.0662047170788,,,,1532.849475477951,1408.9142012068937,,1594.831620830828,,,,1414.8458060054681,,,,1512.3802627723987,,,,
2007-03-08,,,,,,,,1598.589217053692,1511.6480917232514,,,,1396.8905324851723,,,,1490.3703149066794,1546.6658569969122,,1325.3263608407333
2007-03-15,1436.5364917421368,,1470.0927238360143,,1555.345966177581,1393.6085054969005,,,,,,1420.288444472376,,,,1481.7406413298957,,,,
2007-03-22,,,,,1559.5699207152404,,,1592.7069271197793,1536.8176105927225,,,,1388.5754447938905,,,,1487.295784001557,,,1357.4387630929045
2007-03-29,,,1468.1922957756512,,1564.0298659360953,,,,1518.8045032444925,,,,,,,,,,,
2007-04-12,1432.7150476171787,,1473.5483493198565,,,1402.4030527604766,,,,,,1412.5958573203054,,,,1469.8799460638645,,1555.8474504047729,,
2007-04-19,,,,,,,,,1510.1747952569235,,,1426.3802390447565,,,,1477.230485238741,1503.8711661980426,1559.689096741972,,
2007-04-26,,,1486.6534905400079,,,,,,,,,,,,,,,,,
2007-05-03,,,,,1556.2406265198822,1407.939114503107,,1599.7642008806915,,,,1409.8547544967794,1384.0019692332046,,,,,,,1361.6684887007993
2007-05-10,,,,,1562.750580393279,,,1604.906368780274,,,,,,,,,,,,
2007-05-17,,,,,1547.6675375311322,,,,,,,,,,,,,,,
2007-09-20,1448.0227385380206,,1463.4873770527536,,,1419.500198226873,1311.8861390050913,,,,,1420.256107877772,,,,,,1533.6427877656256,,
2007-09-27,,,,,,1424.9327027251306,,1635.2141740898019,1491.7797017873006,,,,,,,1464.3294089478989,1487.2837535801993,,,1357.781557860894
2007-10-04,1453.3869168077733,,1464.4641764612586,,1574.2113359011555,,1296.2941219961745,,,,,1422.5817421800089,,,,,,1518.4947784026788,,
2007-10-11,,,,,,1426.1920881425747,,1629.418956718146,1464.6452096635394,,,1427.571075397583,,,,1465.815635579464,,,,1343.0007440581778
2007-10-18,1477.9102841460597,,1461.9963439885737,,1597.8795894921052,,1301.5521159078266,,,,,,,,,,1521.6371031983206,1515.0117433137164,,
2007-10-25,,,1466.2464950732358,,,1430.8766307055082,,1619.0068777303472,1470.8859325228166,,,1405.3735516666445,,,,1471.4101881534516,,,,
2007-11-29,1500.1250731526059,,,,1588.8583007799582,,1291.4699956789716,,,,,,,,,,1518.3323324764908,1508.8723949730634,,1318.8999914505755
2007-12-27,1503.4836020231921,,1456.2631495125986,,,1413.15371683018,,,1468.2042494027842,,,1389.8259271493189,,,,1496.4430423890105,,,,
2008-01-03,,,,,1603.3577191283425,,1278.890835125755,1615.9869114497021,,,,,,,,,1511.3055334971182,1519.433986616108,,1301.2398040188436
2008-01-10,1507.4759871521846,,1462.1613894256839,,,1416.3836371413126,,,1473.5057995675681,,,1415.5845025847889,,,,,,1522.293716631817,,
2008-01-31,,,,,1597.5464967527505,,1266.4438640161482,1629.170101924774,,,,,,,,1501.9051725206311,1509.5044823653836,,,1310.172927527413
2008-02-14,,,,,1582.1030766971985,,,,,,,,,,,,1513.0221342807572,,,
2008-02-21,1482.8191760660718,,1461.0210169733045,,,1415.760140385368,,,1497.256818463159,,,1424.2409414849585,,,,1504.8398298961124,,,,
2008-02-28,,,,,1573.4904648248705,,1254.6532248461565,1610.45467542707,,,,,,,,,1482.0329720724894,1538.171990577808,,1291.4902930479461
2008-03-06,,,1439.3741735731824,,,1448.113411152757,,1612.0141009050242,1514.6132263343984,,,,,,,1502.801263939883,,,,
2008-03-13,1512.8805907659023,,,,1567.241362293525,,1243.1229314167751,,,,,,,,,,1483.759855243596,1544.0464434019166,,1332.0732801317426
2008-03-20,,,,,,1453.151653064483,,1598.8462506780947,1492.2340000308407,,,1398.4071044072573,,,,1504.3787141282376,,,,1325.4764513775522
2008-03-27,1510.1635913792013,,1447.7916902319832,,,,1263.4279759367002,,,,,,,,,,,,,
2008-04-03,,,,,,1476.0099830712174,,1581.1265193732236,1491.4163048001542,,,,,,,1513.0738892316629,1481.632912927021,,,1341.9929480866801
2008-04-17,1512.7012569115564,,1426.397889511309,,1546.439082698839,,1251.2027583980193,,,,,1366.1185901816812,,,,,,1583.4277066281124,,
2008-04-24,,,,,1548.5929633299454,,,1574.4991510780185,1511.9025308431042,,,,,,,1524.5810002662313,1462.2822746382833,,,1328.6423947014705
2008-05-08,1529.7749770566516,,1402.5872717694974,,,1462.1783490319406,,,1514.4527524744638,,,1372.977848066114,,,,,,1581.4284702273706,,
2008-05-15,,,,,1574.0049297568326,,1241.228115409695,1564.2840304377605,,,,,,,,1522.1975375520394,1462.5039522472846,,,1357.0271633171687
2008-05-22,,,,,1557.2010372604861,,,,,,,,,,,,,1602.382505940301,,
2008-06-05,,,,,,,,,,,,,,,,,,1610.2158753058059,,
2008-09-11,,,1383.3960537279495,,1541.2343707706386,,,,1542.925425407762,,,1348.3302149229821,1391.6605417554065,,,,1445.817285618851,,,
2008-09-18,1512.33821116303,,,,,1479.0351248781305,,1596.301982690194,,,,1358.2876531478328,,,,1538.928192709349,,1576.7544540389774,,
2008-09-25,,,1366.6738192323005,,1563.4928724651172,,,,1518.6097083662698,,,,1397.0332768681126,,,,1445.964172043058,,,1362.9584944131987
2008-10-02,1533.699481118596,,1344.483704576583,,1558.1595019218603,1457.8916490355539,,1588.9217636141498,1542.9061485021628,,,1361.1722610592126,,,,1558.7243007872355,1452.968202332868,1561.365435181394,,1345.7590742818381
2008-11-20,1561.4093085758514,,1354.3949224005542,,,1482.581197924946,,,,,,1347.5467367189306,,,,1527.8300927157368,1452.850168034713,,,
2008-11-27,,,,,1574.7062438550595,,,1586.5517350388363,1558.5286117346209,,,,1379.0412757081058,,,,,1532.5630422715838,,1375.1962001485513
2008-12-04,,,1341.9216726816676,,1578.2881796412396,1488.2341580592395,,,,,,1329.9225808640624,,,,1554.911649314701,1453.5839479466254,,,
2008-12-25,1556.3575887975805,,,,,,,1579.4268407558611,1576.631963292678,,,,1387.8792836636155,,,,,1548.2155932500732,,1364.0029317994324
2009-01-01,1560.4470765280987,,1338.0159954135627,,,1475.4046672596653,,,,,,1324.3867099509146,,,,1554.7405991252497,1460.6767389634829,,,
2009-01-08,,,,,1583.377970594732,,,1587.7288713970136,1566.508820146659,,,,1390.8858188803686,,,,,1546.2104975760392,,
2009-01-15,,,,,,,,,,,,1338.9982797704547,1406.2770775010986,,,1563.632107319563,1460.5115895140766,,,
2009-02-05,,,,,1574.1298409134945,1475.4515583737082,,,,,,,,,,,,,,1357.1600615632788
2009-02-19,,,1309.8265857051645,,1582.6084207078902,,,,1530.6772225525372,,,,1410.2290903180738,,,,,1555.5809990304115,,1347.5019462589619
2009-02-26,1557.2325251141335,,,,,1505.696435633326,,1566.2132914541269,,,,1366.8395472324207,,,,1567.4180766177099,,1560.1464637728982,,
2009-03-05,,,1297.6185802486066,,1579.1278235903005,,,,1520.1777276792307,,,,1387.9646991869465,,,,1451.1796113463492,,,1360.2869005940413
2009-03-12,1551.8693347486326,,,,,1521.8211451546506,,1590.117593426511,,,,,,,,1533.4678609917594,,1551.8670950229382,,1344.7097535775802
2009-03-19,,,1288.3737545837507,,1578.6128923173926,,,,1516.5304776554533,,,1418.0246453359705,1416.578522628714,,,,1456.8280688518726,,,
2009-03-26,1544.745085019866,,,,,1518.1441667951788,,1601.344501354852,1522.1528611928452,,,,,,,,,1546.605071386542,,1357.3547067966388
2009-04-02,1543.6332384027264,,1296.673729959316,,,1522.1698925120745,,,,,,1428.0299856696047,,,,1521.1694841744086,1463.904766896761,,,
2009-04-09,1526.4613832347839,,,,,,,1592.7869921961853,1525.2396579710412,,,,1424.7434275268772,,,,,1532.0088042990722,,1355.116008342746
2009-04-23,,,1285.34957707581,,1526.7061176829814,,,,,,,1409.474225315613,1436.721915375703,,,1523.9472342390966,1439.6258460056936,,,
2009-04-30,1544.9816053325228,,,,,1535.1414066880843,,1606.230854239794,,,,,,,,1529.8953001594275,,1548.3216140666227,,1364.7684252690276
2009-05-14,,,,,,1518.3235116593994,,1612.8830045218567,,,,,,,,,,,,
2009-05-21,,,,,,,,1619.2623825230419,,,,,,,,,,,,
2009-09-10,,,,,1527.785408466692,,1242.9485072699838,,,,,,1437.2931926232432,,,1541.4747514267474,1446.009485159946,1555.88804473805,,
2009-09-17,1513.5649893355935,,,,,1497.6073971417402,,,1532.0550010448667,,,1403.4876576833951,,,,,1454.2374831182583,,,1363.495801096961
2009-09-24,,,,,1500.010181113853,1479.7739524174124,1231.136505366864,1624.0483518141925,,,,,,,,1523.2744268762315,,1574.8672404009042,,
2009-10-01,1530.1233587289034,,,,,,,,1548.334463757894,,,1398.9992044348535,1451.41148318288,,,,1481.5026190056506,,,1374.3475891051876
2009-10-08,,,,,,1491.202946350428,1220.430329018515,1627.5517485790479,,,,1385.3334433113835,,,,1493.8712908813452,,1570.4370803327845,,
2009-10-29,1499.7673138560745,,,,1484.0382562202365,,,,1574.1957780435528,,,,1456.2375065760489,,,,1497.5661433408495,,,1359.2941776043124
2009-11-05,1483.2036449324344,,,,,1501.9516697242645,,1621.1185904970214,,,,1412.6156318586945,,,,1492.2774995403156,,1560.9353885780506,,
2009-11-26,,,,,1489.1199682303477,,1233.7089872720744,,1554.9776754525726,,,,1462.1781938205584,,,,1524.2073499593616,,,1352.7867049949953
2009-12-03,1468.6018646772586,,,,,1500.1867650551574,,1608.935166757244,,,,1417.8798622679392,,,,,,,,1354.7989436051637
2009-12-10,,,,,1487.306057764972,,1224.9656188533338,,1559.7712236802665,,,,1485.934086373669,,,,1530.0046038207995,1561.3280221377065,,
2009-12-31,1469.7838297746755,,,,,1492.8366738472193,,1603.9335255229607,1567.3446871063495,,,1390.022165883963,,,,,,,,1351.780508857856
2010-01-07,,,,,1470.4018174049966,,1237.4988703209744,,,,,,1509.046042159108,,,1495.5524734013193,1508.7296872745133,1554.7633001338863,,
2010-01-14,,,,,,,,1624.2416324355922,,,,,,,,,,,,
2010-02-18,,,,,1479.3582324362558,,1233.1730260740042,,1537.6769950200894,,,,1514.7230934128784,,,,1513.2079425278046,1555.0545651256286,,
2010-02-25,1501.9346587309506,,,,,1485.005682896744,,1633.0506631337166,,,,1406.2030597475452,,,,1466.3036155789816,,1562.2660316151362,,
2010-03-04,,,,,1483.107647690991,,1274.2980455215113,,1543.976353215955,,,,1517.8689830275935,,,,1489.3730444173016,,,1360.5803791389312
2010-03-11,,,,,,1483.2861701424126,1290.302156924998,1626.320791875313,,,,1383.5837523301132,,,,1443.6015062184408,,1550.1684379143744,,
2010-03-25,,,,,,,,,,,,,,,,1455.798161766121,,,,
2010-04-01,1537.8250287413764,,,,1480.184870083181,,,,1543.8203787190369,,,1389.7520704737378,1541.0287180064554,,,,1479.2504616221177,,,1348.147793417589
2010-04-08,,,,,1477.005014677373,1482.2076525309876,1278.8133790773684,1639.288126206435,,,,,,,,1455.2930214808255,,1538.264645620608,,
2010-04-15,,,,,,1485.6552051939152,,,,,,,,,,1439.2942960204427,,,,1332.800845034384
2010-04-22,1542.43604881781,,,,,,,,1522.0694711522049,,,1376.0811072132349,1555.1247898389483,,,,1494.863121373982,,,1323.4839318989248
2010-04-29,,,,,1480.8819242400234,,1307.2507649711222,1651.0548983986407,,,,,1527.991188396412,,,1415.2511344030227,,1531.0691827769394,,
2010-05-13,1566.1233830392712,,,,,1479.856069853295,,1630.7775423922174,1495.868416418566,,,1382.6019386878156,,,,,,,,1303.479907585495
2010-05-20,,,,,,,,1637.3344419735974,,,,,1527.1177559168395,,,,,,,
2010-06-03,,,,,,,,1643.280662213382,,,,,,,,,,,,
2010-09-09,,,,1315.2098319579052,,,1296.891449935542,,1505.9950991713254,,,,1539.6595946778314,,,1416.194656665544,,1536.8927065542434,,
2010-09-16,1573.937928335083,,,,1480.202224214285,1471.0755263036135,,1632.6736179746845,,,,1389.0905901866315,,,,,1539.1534911998515,,,
2010-09-23,,,,1324.37121069237,,,1285.0192636743793,,1507.24432365835,,,,1563.4866999799156,,,1421.5466428060104,,1535.0313342187706,,
2010-09-30,1569.3974034165421,,,,1482.9355186577093,1465.3016781298236,,1622.095723114153,,,,1366.006811253354,,,,,1556.1901582413354,,,
2010-10-07,1550.3654128596936,,,,,1470.9405627249923,,,1522.1592561165107,,,,1557.3878225628234,,,1404.1644799537135,1566.935506894892,,,
2010-10-28,,,,1307.3453511975024,1509.502726990077,,1268.1681299203633,1618.0099548265039,,,,1351.0881199384219,,,,,,1521.3411339675524,,
2010-11-04,,,,,1521.7691579230427,1462.1610639803796,1260.3928052282395,,1536.7258628848413,,,,1576.3550796543204,,,,1553.6873098447325,,,
2010-11-25,1528.741913173598,,,1336.2967537369561,,,,1610.3471220712354,,,,1362.5449874146734,,,,1400.3922984458536,,1537.8712893614304,,
2010-12-02,1512.5465852617235,,,1346.9783120666264,1517.8061487429459,1461.0017043327896,,1613.1027174602273,,,,,1593.772449105835,,,,,,,
2010-12-09,,,,,,,,,1507.9261304467584,,,,,,,,1564.9272019032792,1557.4514542208408,,
2010-12-30,,,,,,1465.6152167690109,,1629.3504489250872,,,,,,,,,1573.1946670036566,,,
2011-01-06,,,,1336.7858348278148,,,1268.1780959050514,,1481.6427134482153,,,,1573.7189407744702,,,1401.8281077970896,,1552.8781235094486,,
2011-01-13,1531.134665651245,,,,1504.3443419325824,1496.4600826427923,,1642.7768525876972,,,,1353.6356727377024,,,,,1564.393347225099,,,
2011-02-17,,,,1346.841285334121,,,1261.0687064223832,,1480.5046615530161,,,,1550.5202463125836,,,1392.2137566956696,,1524.4200650385133,,
2011-02-24,1551.9536837636508,,,,1529.2325635218274,1488.0894857396424,,1652.3711997991604,,,,1331.9942392005773,,,,,1582.8635869404873,,,
2011-03-03,,,,1353.4966895589298,,,1245.168114832873,,1482.2750963400345,,,,1524.882039418087,,,1378.9533977190727,,1505.0130020405054,,
2011-03-10,,,,1368.0076912124514,1555.1479532191306,,1261.8888992195864,1641.3711586194752,,,,1359.1548826620124,,,,,,1510.0075791779363,,
2011-03-17,,,,,,,1253.9681848140528,,,,,,,,,,,,,
2011-03-31,1539.3736996324453,,,,,1477.5206706361648,,,1471.2372661700979,,,,1526.5334868500256,,,1379.0944926700047,1618.2231429780654,,,
2011-04-07,,,,,1547.311175707414,1467.2383875388032,1261.2782664737415,,1480.7566615409064,,,,1531.0542886202993,,,,1624.3925175194672,,,
2011-04-14,1537.0098109371374,,,,,,,,,,,1333.6191786969412,,,,1389.132050527244,,,,
2011-04-21,1543.425221038021,,,1339.0516950557208,1548.9165052850171,,,1657.4547229817624,,,,1324.030590729601,,,,1375.7923199554734,,1495.5526040942084,,
2011-04-28,,,,,,,1267.0745121721145,,1478.87165239122,,,1318.4948320488754,,,,1358.1555394616216,1637.4866207949106,1480.667111730666,,
2011-05-05,,,,,,,,,,,,1310.3017363984552,,,,,,,,
2011-05-12,1569.1430626080885,,,1369.511436061034,1546.624440160254,1460.226469961551,,1666.781254577179,,,,,1549.6820295159048,,,,,,,
2011-05-19,,,,,,,,1671.9851795683899,,,,,,,,,1653.7267455817914,,,
2011-06-02,,,,,,,,1654.9128638807142,,,,,,,,,,,,
2011-09-08,,,,,,,,1632.1808212756516,1458.1150252494033,,,1300.141004036634,1552.8747236510944,,,,1649.2541378624887,,,1313.6993793154245
2011-09-15,1562.6462380906733,,,1398.0652208218396,1535.8346662368506,1488.2837674965328,,,,,,,,,,1356.618386008521,,1502.8868359124185,,
2011-09-22,1566.813044362738,,,,,1498.3871239122839,,,,,,1288.55545283457,1522.5021019554385,,,,1664.857636760176,1482.432644896543,,
2011-09-29,,,,1405.448069383177,1535.611298579122,,,1609.3037877192264,1468.8699570292997,,,,,,,1390.6645764384964,,,,1299.06291304789
2011-10-06,1567.2038795302485,,,1398.3162690591653,1542.1102466661725,1513.4408228880536,,,,,,1299.6477070526826,,,,,,,,1314.892998541661
2011-10-13,,,,,,,,1580.0237498083447,1466.8909790288644,,,,1498.8336218600746,,,1399.4630570763386,1688.4456138081946,1468.2230941520538,,
2011-11-03,,,,,1517.2408814960825,1537.134062169673,,,1453.4195325029928,,,,1502.3310090103332,,,1389.294189652626,,,,1299.406914118308
2011-11-10,1550.8374652162445,,,1375.895068035023,,,,1582.4452640922657,,,,1290.992772742193,,,,,1701.3161213009369,1463.4592553574969,,
2011-12-01,,,,,1514.5249006082333,1557.1435190339855,,,1469.7484011471595,,,,1532.9855274420959,,,1370.4448513658494,,,,1320.302714044957
2011-12-08,1512.9777627667859,,,1399.0945046336426,,,,1603.7155045152535,,,,1304.8178663348338,,,,,1689.6186299039002,1441.9197944760322,,
2011-12-29,,,,,1504.9534269466178,1557.7639733470694,,,1473.001315305627,,,,1534.4935332071213,,,1397.2219093680897,,,,1307.2663230744258
2012-01-05,1512.4079250685204,,,1381.9063614788136,,,,1613.6931244236596,,,,1290.5232589655245,,,,,1693.0144906749874,1415.0792061997076,,
2012-01-12,,,,,,,,1617.2232817899262,1471.8590552753344,,,1277.174879045099,1552.1739448914072,,,,1696.870743827101,,,1342.3525683960518
2012-02-16,1511.5477802702235,,,1411.486084109885,1509.1593700533867,1565.0648188544976,,,,,,,,,,1394.6841764348362,,1404.7289886887293,,
2012-02-23,1494.9780878639608,,,,,1568.0845711613727,,,,,,1289.3954378931464,1546.3962926480515,,,,1684.2445776086138,1388.4559283510425,,
2012-03-01,,,,1413.5508389840536,1535.6528990975132,,,1622.2194426377193,1437.5015692117393,,,,,,,1398.6103751646892,,,,1352.1324901267085
2012-03-08,1513.5058340755195,,,1421.5822841256838,,,,1628.1847153209148,,,,1292.864232805614,,,,,1669.835762878817,1390.4534154389712,,
2012-03-29,,,,,1510.1081155893899,1560.194468254265,,,1417.5886062117936,,,,1558.272582285538,,,1383.5843554467285,,,,1354.6437601525386
2012-04-05,1491.4817010162994,,,1448.9247841496845,,,,1639.9443713381909,,,,1297.9062650924686,,,,,1657.0452620847864,1399.0856264845704,,
2012-04-19,,,,,1475.8068642429669,1583.8304050448612,,,1401.8655244409345,,,,1558.7944553889004,,,1384.3832193376202,,,,1339.1850033883602
2012-04-26,1484.8539244050573,,,1448.9294443131118,1456.6460763495481,1569.7321556113416,,,,,,1314.150323461769,,,,,,,,1324.8167593351566
2012-05-10,,,,,,,,1672.065041666864,1426.0907401109534,,,,1574.7169962372138,,,1392.8724383871909,1673.3967934846314,1370.4627597107092,,
2012-05-17,,,,,,1588.7282741459117,,1680.6154195048252,,,,,,,,,,,,
2012-05-31,,,,,,1600.3979468553207,,,,,,,,,,,,,,
2012-09-06,,,,1452.666484742471,1434.4547135770088,,,,,,1295.2953072735404,,,,,,1667.7323086056176,1361.9533655182765,,1311.1262921042567
2012-09-13,1496.8794393508015,,,,,1610.861925580105,,1675.1542303486162,1407.0792675670057,,,,1583.7213976156615,,,1379.0606296342762,,,,
2012-09-20,1483.368584611564,,,,,1613.8515959472961,,,,,1307.2497625725725,,,,,,1670.6782792984318,1367.2387131458888,,1310.5546741064368
2012-09-27,,,,1450.477561246059,1455.7227612430252,,,1660.6702992091355,1408.3660456347575,,,,1599.4851059868522,,,1357.512490849208,,,,
2012-10-04,1477.1611449818795,,,,,1616.5321508494433,,1664.0031769908674,,,1313.8444949874295,,1602.377392091966,,,,,,,1320.264793550806
2012-10-11,,,,1461.5856018726558,1476.5025091728794,,,,1412.1033293466046,,1308.8462227672846,,,,,1346.1519039056802,,1365.5971952932919,,
2012-11-01,1476.6354276739237,,,,1491.7828407596155,,,,1402.2601093839548,,,,1573.2099958986582,,,,,1372.376526846277,,1322.5500182362343
2012-11-08,,,,1458.1829526963013,,1617.0663441675774,,1660.910677159082,,,1316.6892857378282,,,,,1347.2800335907268,1690.1406282774497,,,
2012-11-29,1475.9477167793023,,,,1491.34630117646,,,,1377.2933674330163,,,,1569.8328250802665,,,,,1388.7706575068262,,1338.034853167283
2012-12-06,,,,1478.453048366571,,1605.652462849204,,1646.71073735375,,,1324.6248453417763,,,,,1333.9882528910152,1673.665596152186,,,
2012-12-27,1462.3828180397675,,,,1495.667971646724,,,,1359.6680427948227,,,,1562.836747504221,,,,,1389.7381038464391,,1343.6731512020351
2013-01-03,,,,1465.9894426731714,,1623.812070632538,,1657.9814394243226,,,1302.4716493606109,,,,,1336.033319930994,1688.2337878351775,,,
2013-01-10,,,,1452.6530620287522,1471.1766546540334,,,,,,1296.630292954727,,,,,,1689.8237985300766,1414.3715039650574,,1328.8291197981653
2013-02-14,1460.9573345313013,,,,,1607.9025878714945,,1665.2375089498996,1396.2211086085308,,,,1551.6684726996707,,,1347.0587860904366,,,,
2013-02-21,1467.5119492207964,,,,,1618.3467627051034,,,,,1280.417886316181,,,,,,1673.899212237298,1446.4649671746747,,1315.2815485127765
2013-02-28,,,,1441.3620483539237,1484.3693991914847,,,1638.9282836606399,1400.0918953271203,,,,1566.0522127803436,,,1354.132716842126,,,,
2013-03-07,1470.9604213811024,,,,,1604.7993993816199,,1641.2034435339292,,,,,1570.1915221678864,,,,1690.9019563139468,,,1323.9784006965285
2013-03-28,,,,1452.3449655175918,1478.6186218181338,,,,1402.3077100206135,,,,,,,1364.5051625206238,1696.8793685068,1411.8311956505634,,
2013-04-04,1462.0530425124678,,,,1491.3058139406564,,,,1397.1392156660136,,,,1567.4294913875353,,,,,1405.0033238317951,,1305.8320603155175
2013-04-18,,,,1470.6280552641474,,1591.17503244324,,1668.1341198830796,,,1261.2915175916805,,,,,1382.4122389284641,1704.9478830639198,,,
2013-04-25,1472.885435805491,,,,1494.9426146229807,,,,1395.5665146439526,,,,1577.5036071864606,,,,,1388.2491122854851,,1297.8073249145705
2013-05-09,,,,1493.6394357474662,,1605.8184982163996,,1654.8940522849607,,,1266.264487189418,,,,,1387.5715668267526,1691.8150740536735,,,
2013-05-16,,,,,,,,1661.8938849407111,,,,,,,,,1671.899721997507,,,
2013-05-30,,,,,,,,1668.2391888899194,,,,,,,,,,,,
2013-09-12,,,,,1466.762752118143,,,1669.6045245216847,1385.9309334141706,,,1321.1605117602785,1589.1012584291514,,,,,1370.5789858369587,,
2013-09-19,1496.4576465589773,,,1492.9546234901002,,1590.5900881747202,,,,,,,,,,1387.9000792846768,1682.203372215462,,,1273.4882899037814
2013-09-26,,,,,1476.95735892349,,,1656.4548385379746,1385.7365163599914,,,,,,,1395.6954549693385,1685.9641251476107,,,1267.5370003116732
2013-10-03,1498.1454150538714,,,1494.974279805596,,1583.1228209060682,,,,,,1326.5792801187413,1596.246615916068,,,,,1363.4562646313645,,
2013-10-10,,,,,1472.3191750821454,,,1661.5607420683416,1395.8824611327175,,,,,,,1404.313485406703,1701.1180074657861,,,1247.372682307725
2013-10-31,1494.0408421041755,,,1513.7966416064246,,1571.722539518005,,,,,,1351.2317905289794,1614.2924917530431,,,,,1380.3074061297175,,
2013-11-07,,,,,1445.2813924532636,,,1624.3491302501684,1376.9724659301266,,,,,,,1387.5717143425334,1690.9189636215565,,,1236.9378336540694
2013-11-28,,,,1515.615815617588,,1594.9192878136894,,1627.1107364877314,,,,,1625.2549418187266,,,1392.0248072440036,,1386.3296151320667,,
2013-12-05,1523.4136361188132,,,,1430.7430811617153,,,,1358.1139317523325,,,1339.1585340267102,,,,,1703.6437412823975,,,1228.2816135562489
2013-12-26,1534.6389611152506,,,1511.1851813056371,1434.2066241994837,,,,,,,,,,,1397.5367917589654,1710.1475367704738,1393.8230797708832,,
2014-01-02,,,,,,1597.7619918608054,,1633.5446487878567,1336.9789789654128,,,1320.5524301634887,1643.597329727304,,,,,,,1222.1669357190726
2014-01-09,,,,,1440.4168145710046,,,1626.555207920878,1342.2373657776154,,,1306.5846200242772,1650.6915526197895,,,,,1420.1720935251365,,
2014-02-13,1539.1171977133386,,,1482.2358861704934,,1594.7176893795365,,,,,,,,,,1418.099005701978,1696.5979584706408,,,1213.0342397543761
2014-02-20,,,,1467.6641859455035,,1596.9182346354694,,1633.9428811712467,,,,,1662.6089906433774,,,1411.0824323944312,,1398.0874718586124,,
2014-02-27,1558.0382959463045,,,,1441.7857310720913,,,,1376.0173497370627,,,1296.4832390598947,,,,,1706.5419053545022,,,1202.5602992760935
2014-03-06,1546.7399627445002,,,1470.6459789348025,,1583.8389635086373,,,,,,1291.2372576651198,1670.5685993382124,,,,,1378.1339859110017,,
2014-03-27,,,,,1443.2226100647474,,,1650.9963155589871,1359.8025953482224,,,,,,,1452.8549312715622,1722.654605483022,,,1190.897117134609
2014-04-03,1537.562315925135,,,1449.4759904504708,,1582.2101775505719,,,,,,1267.4437319636704,1637.3486353249662,,,,,1382.9128613874989,,
2014-04-17,,,,,1446.598998694296,,,1669.8603765955136,1362.5144007907322,,,,,,,1459.6536850980456,1734.0252285777694,,,1201.961114301476
2014-04-24,1553.0339734738798,,,1441.256282457525,,1605.9606503553616,,,,,,1258.7147152693242,1633.9644976225495,,,,,1391.383583264421,,
2014-05-08,1551.8121393165331,,,1430.5324401838504,1442.1027297163723,,,,,,,,,,,1465.988419490019,1737.4310744628117,1396.2278354682528,,
2014-05-15,,,,,,1623.235318400965,,1679.7270872912072,1366.1918208301586,,,1243.5659281872709,1638.0692456548038,,,,,,,1216.6596342677658
2014-05-22,,,,,,,,,,,,,1647.9690578083182,,,,1732.1300455153173,,,
2014-06-05,,,,,,,,,,,,,,,,,1713.1584394996662,,,
2014-09-11,,,,,,,,1670.8888302977102,1358.3649986789667,,1255.8870197777353,,1669.783218590339,,,1440.2512766408097,1715.049664214462,,,
2014-09-18,1560.6700152008193,,,1442.3704537778394,1431.4677687854528,1612.1098238828645,,,,,,1230.0353364607406,,,,,,1409.4321997857157,,
2014-09-25,1573.3161796549805,,,,1415.3307524798377,1615.5696559845278,,,1365.8755024489951,,,1226.3840330921455,,,,1435.0752418215225,,,,
2014-10-02,,,,1472.5134286055722,,,,1644.1737938342862,,,1239.2002018682915,,1661.5377987019724,,,,1735.5419826701868,1409.8477761502288,,
2014-10-09,1581.6373849674878,,,,1442.134564353177,1603.0687958540102,,,1381.603534506437,,,1239.6352640104553,,,,1440.7336676463794,,,,
2014-10-16,,,,1461.6926821136317,,,,1635.7872844236413,,,1221.2651961098545,,1671.7705455857538,,,,1723.4840473046195,1416.8670685034936,,
2014-11-20,1568.824987830027,,,,1428.7421906997565,,,1634.8069886488418,,,,,1650.1053339474256,,,1444.305942707274,,1420.4501190207252,,
2014-11-27,,,,1489.9635375976804,,1585.6138186671226,,,1359.1809844925801,,1213.946687096235,1268.706597639276,,,,,1705.754620777233,,,
2014-12-04,1587.0659027928155,,,1505.9913738797875,,,,1641.6414311361527,1344.541267433234,,1210.8503650651528,1259.08216928173,,,,,,,,
2014-12-25,,,,,1417.8064428703449,1578.7810846884486,,,,,,,1679.4695546605726,,,1484.2583886478849,1690.519743361671,1417.2593207750558,,
2015-01-01,1603.597651638528,,,,1401.2960759397947,1565.7664770300355,,,1342.978206638124,,,1253.722129788745,,,,1473.0071347287465,,,,
2015-01-08,,,,1471.7517645223975,,,,1652.549217840979,,,1200.2170575333748,,1693.4749329823853,,,,1695.5684837794788,1443.5863090664352,,
2015-01-15,1600.7906528853655,,,,1438.2949307114095,1581.9685346849717,,,1354.4305510699614,,,1259.6318621556247,,,,1479.6923996162216,,,,
2015-02-19,,,,1462.2212572698847,,,,1644.6920412045456,,,1186.5265481401418,,1678.8369916368986,,,,1683.9043791601682,1452.6762952130478,,
2015-02-26,1580.9659735311307,,,,1437.5880216817673,1548.936814562265,,,1345.9390508547353,,,1258.9914527320916,,,,1501.8933710151694,,,,
2015-03-05,,,,1493.6876055871978,,,,1655.7981892890673,,,1172.9645607795171,,1697.0450985494094,,,,1669.6574792710874,1457.9119290745414,,
2015-03-12,1575.3984719408852,,,1495.5696978691894,1434.6322342227163,1548.0586597072077,,,,,,1253.7278972065774,,,,,,1448.8053733685226,,
2015-04-02,,,,,,,,1664.0695461328164,1358.66430006681,,1167.10663045566,,1694.706388062329,,,1497.838769283345,1683.6525839259375,,,
2015-04-16,,,,1507.0082915020425,,1548.4162065520554,,,1372.0326456455941,,1160.1009999119333,1242.5000737127514,,,,,1691.5390458510867,,,
2015-04-30,1588.2509315871787,,,,1426.4631490950046,,,1656.9034239797934,,,,,1688.00970647934,,,1470.1467082782654,,1463.316353802075,,
2015-05-14,,,,,1433.2150077460715,1547.0896558717925,,,,,,,1688.6099302996329,,,1473.1407578205685,1661.3823510278671,1453.5964986130175,,
2015-05-21,1607.94739748852,,,1525.0479452082575,,,,1675.8545745254078,1361.1526797548674,,1156.3558838773524,1254.540110871479,,,,,,,,
2015-05-28,1618.763397299002,,,,,,,,,,,,1662.390283726302,,,,,,,
2015-06-04,1604.3723434035767,,,,,,,,,,,,,,,,,,,
2015-10-22,1610.5290217654424,,,,,1534.4964651610546,,,1354.849572477387,,,1244.164607386115,,,,,1698.2160687295639,,,1238.4177685031136
2015-10-29,,,,1523.0688643999902,1431.9375345925337,,,1676.0927307958718,,,,,1641.882381233123,,,1466.0869418709815,,1462.325076447024,,
2015-11-05,1577.8373881798382,,,,1435.5026190887313,,,1679.3666126382834,,,,1235.945802387162,,,,1480.7521793490232,1707.387755855168,,,
2015-11-12,,,,1543.7685252925244,,1554.720484784493,,,1340.558697061489,,,,1613.4682366134846,,,,,1466.8149421835055,,1240.3949893884305
2015-12-03,,,,1552.63313176456,,,,1671.7941971309353,1328.4635314007796,,,,1617.2292904592775,,,1464.5412802395635,1721.921419032818,,,
2015-12-10,1564.967098605992,,,,1433.8399848552758,1549.070850701367,,,,,,1234.3779550259449,,,,,,1464.9319970101042,,1236.1419212823891
2015-12-31,1566.7696100312555,,,1571.9387983128327,,1541.8192334241312,,1676.2417193331655,1344.0360504046182,,,,,,,,,1457.354886043773,,
2016-01-07,,,,,1446.7869788116423,,,,,,,1252.861664532162,1620.9157212887576,,,1458.1192927393536,1738.9588805993112,,,1228.1333250728724
2016-01-14,,,,1569.9089206763501,,1563.2145652548627,,1676.4544354022198,1344.3344267681525,,,,,,,,,1451.7530731654144,,
2016-02-04,,,,,1433.2516518772738,,,,,,,1265.8968878331316,1593.1155320142066,,,1463.4022741350336,1727.704323363481,,,1219.7121098927714
2016-02-11,1523.7434098877384,,,1564.0095958208544,,1529.3367726835522,,1662.9565416559306,1344.2024335369372,,,,,,,,,1475.9297710996848,,
2016-02-18,,,,,1463.9991906747314,,,,,,,1283.4537267892952,1610.502621386936,,,1496.452239071294,1716.408167158893,,,1208.400646419793
2016-02-25,1512.4240696681811,,,,,1531.03398445903,,,1332.5375688701465,,,1302.7581815747951,,,,,1719.0994102611592,,,1226.6582442375986
2016-03-03,,,,1568.9225808353033,1465.5967071026025,,,1631.3290311570154,,,,,1592.6856409222225,,,1482.5360333144574,,1524.8644925906608,,
2016-03-10,1509.3988495574827,,,,1476.108602583785,,,1637.9487105574806,,,,1279.788477871796,,,,1492.3614547274506,1694.8449623419094,,,
2016-03-17,,,,1564.605364501739,,1520.621325643057,,,1321.721171698872,,,,1617.728578458429,,,,,1527.1618040606131,,1260.4171756758985
2016-03-24,1504.099772811918,,,1574.9024102299988,,1498.206687606843,,1636.1861947703342,1335.0410791490585,,,,,,,,,1534.4300085393045,,
2016-03-31,,,,,1431.6863724226334,,,,,,,1266.8037009627915,1612.8247140322867,,,1493.939558412272,1693.801933739112,,,1293.0970136246942
2016-04-07,1508.2798736769234,,,1571.9909310943156,,1495.8920473067926,,1625.8837247343838,1314.2089395506634,,,,,,,,,1552.9138746877709,,
2016-04-21,,,,,1441.5528191058734,,,,,,,1273.9303186210166,1586.2034967035777,,,1513.1361249597876,1707.5237289620295,,,1283.2214277263995
2016-04-28,1508.5984832341073,,,,,,,,,,,,,,,,,,,
2016-05-05,,,,1567.0215995676194,,,,1643.1235661226426,1294.110200799147,,,,1592.4062199256243,,,1485.8011649371717,1708.543200766038,,,
2016-05-12,1515.8197040486934,,,,1448.067428056496,1488.1199551321724,,,,,,1263.8424078243406,,,,,,1554.4615108186956,,1278.1225518674858
2016-05-26,,,,1588.984298485738,,,,,,,,,,,,,1718.1788540270593,,,
2016-06-02,,,,,,,,,,,,,,,,,1723.1016955782745,,,
2016-09-08,,,,,1437.7243581348334,1491.5457395992844,,,,,,1280.3682620925908,1585.1942791154495,,,,1724.0589686972053,1556.5483570421682,,
2016-09-15,1537.5657457756906,,1273.755856277003,1563.0585009403253,,,,1615.175623454194,,,,,,,,1487.282599177485,,,,1278.7950676930395
2016-09-22,1540.1702979194108,,,1569.1851178806603,,,,,,,,1272.2702284491522,,,,1469.2213086487502,1739.9108245333457,1577.4236823102515,,
2016-09-29,,,1265.1952010941898,,1432.9881604250836,1494.017689230458,,1626.738560361403,,,,,1570.0697776751583,,,,,,,1278.9516299378718
2016-10-06,,,1262.1347702124685,,1419.98672686831,,,,,,,,1578.7586890097898,,,1480.5800543771975,,1599.8348376827128,,1287.9329804129136
2016-10-13,1553.551449545796,,,1559.004276208759,,1500.0164366392694,,1614.4614748671381,,,,1292.258175393409,,,,,1730.4390220394027,,,
2016-11-03,,,1245.4913509595644,1542.3363038868652,,1503.287722190813,,,,,,,1571.8431829330145,,,,1735.6696040514462,1596.9018637945705,,
2016-11-24,1572.0617803942193,,,,1437.8470139652536,,,1614.7044062100636,,,,1282.3790699147485,,,,1475.1270264857476,,,,1276.104052653344
2016-12-01,,,1238.9905069145755,1552.549699428907,,1508.854709543642,,,,,,,1555.7012743232003,,,,1745.4970459669314,1587.7547745895545,,
2016-12-08,1575.9880787171976,,,,1439.369441325858,,,1625.947466213582,,,,1320.8567767781808,,,,1456.0311668619006,,,,1267.6664267335418
2016-12-29,,,1245.0063312739128,1576.7311700787645,,1500.0955248475525,,,,,,,1554.9132071902045,,,,1731.6932168234546,1601.7279474165537,,
2017-01-05,1551.8361245597866,,,,1420.2740897177462,,,1602.964684147114,,,,1312.779486707823,,,,1428.6509532237376,,,,1274.9651863292215
2017-01-12,,,,,1424.8404783534759,1490.0609015954751,,,,,,1329.5622998284266,1569.2411691052316,,,,1736.0884136233954,1616.9671095914002,,
2017-02-16,1544.6971824866544,,1255.8445271614175,1597.5304952771612,,,,1598.7033845301612,,,,,,,,1427.627390442377,,,,1292.4675427183533
2017-02-23,1551.7870249934967,,,,1439.1806592968094,,,1600.3753632993746,,,,1340.4250389033714,,,,1442.8809222246375,,,,1286.1963219577844
2017-03-02,,,1272.6977444613017,1606.3450510363273,,1478.8974889317042,,,,,,,1545.5487541278446,,,,1698.302684326374,1609.3215864430567,,
2017-03-09,1519.3666780227875,,,,1420.0177374628054,,,1596.3905255623972,,,,1332.9867136013002,,,,1427.3472500976002,,,,1291.7239243172653
2017-03-30,,,1253.4877452894898,1626.6357999967165,,1498.1621290667456,,,,,,,1543.1696952499133,,,,1706.993779162597,1624.9937330185476,,
2017-04-13,1527.389322212639,,,1628.0554463691046,,,,,,,,1340.7905763554054,,,,1428.5845071066492,1710.3493540127154,1631.0838830189864,,
2017-04-20,,,1247.5808136446385,,1427.8426980940649,1482.9625077792261,,1602.3991460284708,,,,,1526.6565327374758,,,,,,,1302.0127218171976
2017-05-04,1516.5730317156524,,,1645.1954834089292,,1496.8103279498764,,1606.217498726858,,,,1345.569299119514,,,,,1721.5908404040522,,,
2017-05-11,,,1233.6801697735427,,1413.053625843605,,,,,,,,1529.0934602708717,,,1427.9304553544096,,1633.6792563997824,,1288.5361276482213
2017-05-25,,,,1664.3042389737634,,,,,,,,,,,,,,1641.510437419591,,
2017-06-01,,,,,,,,,,,,,,,,,,1625.768803007337,,
