date,Bath Rugby,Bedford Blues,Bristol Rugby,Exeter Chiefs,Gloucester,Harlequins,Leeds Carnegie,Leicester Tigers,London Irish,London Scottish,London Welsh,Newcastle Falcons,Northampton Saints,Richmond,Rotherham Titans,Sale Sharks,Saracens,Wasps,West Hartlepool,Worcester Warriors
1998-09-10,1480.2333048669,,,,1272.9054238041626,,,1745.875869590734,,1249.5300745212376,,,,,,,1521.3587812584672,,,
1998-09-17,,,,,,,,,,1247.0255219715816,,1455.366354961864,1595.542390467563,1313.190545202133,,1291.3862474745185,,,1041.1058895137398,
1998-09-24,1474.890613276397,1160.9801530288944,,,1293.9010675960965,,,1752.78726742148,1452.6201327868494,,,,,,,,1524.376271902518,,,
1998-10-01,1478.739681734676,1159.4705179540852,,,,,,,,1228.4302566850404,,1438.7851576606085,,,,1305.1476429730565,,1496.7659943454528,,
1998-10-08,1480.6363916788473,,,,1280.777109991046,1512.8304003787896,,,1448.4539359681164,,,,1593.3965501291416,,,,,,1033.4547251536023,
1998-10-15,1488.136641262087,1177.5607302433411,,,,,,,,1221.381151253535,,1453.4702504020395,,1331.7686735665266,,,1547.3571646451812,,,
1998-10-22,,,,,1295.333917429066,1504.8750001359035,,1739.0356710605054,1459.491786098373,,,,1599.2334277969683,,,,,1475.6368869851729,1027.0715315260013,
1998-10-29,1494.897898441003,1166.9155740761805,,,1298.3551923948264,1507.3460684602258,,1721.958097858581,1447.8804365540989,,,,,,,1283.471179343683,1520.9721037470426,,,
1998-11-05,,,,,,,,,,1233.0122863590645,,1457.3958346675283,1612.8110354789978,1369.3562992019831,,,,1478.992894286839,1024.264556908988,
1998-11-12,,,,,1301.2257854425218,1529.9566194843685,,1725.5880858394178,1427.0506771413363,,,,1617.6295016766298,,,,1514.5872845738065,,,
1998-11-19,,1153.558652361586,,,,,,,,1223.307861045261,,1465.2257971077813,,,,1306.6333950142005,,1491.3447452168575,,
1998-11-26,,,,,1317.3383959446996,1536.7611749141465,,,1439.0493715804876,,,,1606.1694905070667,,,,,1495.1245620352106,1012.4772388354021,
1998-12-17,1455.6447925872421,1130.9725639584433,,,,,,1711.239108412168,,1225.2678934857804,,,,,,1311.834879640992,1510.0332613344424,,,
1998-12-24,1440.9859737925563,,,,1304.3535787158646,,,,1444.6002303750101,1213.5415387505486,,1466.8589052060736,,,,,,,1031.2032327704796,
1998-12-31,,,,,,1527.863910525106,,1715.6812334630927,,,,1467.8668311236027,,1359.453161167619,,,1501.6723478778977,1506.1556281912087,,
1999-01-07,,,,,1314.2212756119766,,,,1467.479004189525,1235.6099834528704,,1460.8516196494388,1604.6802120775394,,,1292.1719611185927,1503.1075645413973,1480.5744240406048,1052.4136083749588,
1999-01-21,1448.7714535465614,,,,1300.74207975361,1520.4104094721274,,1716.4943452891685,1489.1842475530136,,,,,,,,,,,
1999-01-28,,1121.4689700681417,,,,1502.939591949888,,1717.6191231443322,,,,,1619.2668997274427,1364.0884580202928,,1275.484076257282,,,,
1999-02-11,,,,,,1494.0994767330717,,,1510.040753573875,,,,1599.5736274368671,,,1257.7472743891462,,1488.2639178565473,,
1999-02-18,,1141.7168076183652,,,1286.6577460855456,,,1734.7206568401486,,1268.9309853991126,,,,1367.0589702684238,,,1526.972929311084,,,
1999-03-04,,1129.0550475688315,,,,,,,,,,,,,,,,,,
1999-03-18,,,,,,,,,,1248.615261254356,,,1587.7976637234576,1353.2990415943227,,1282.3791981999057,,1477.820294721463,1066.8173583724274,
1999-04-01,,1162.0716611212335,,,,1495.631908381085,,1748.9711008763156,1499.8338719049714,,,1445.4537470052815,1592.4515585395386,,,,1491.4839008887204,,1070.3376024946735,
1999-04-08,1496.4148377140573,,,,,,,,,,,,,,,1295.0577060344785,,,,
1999-04-15,,,,,,,,,,,,,,,,,,1462.9215737065151,,
1999-04-22,,,,,,1497.3893590496066,,1734.0997615640313,1492.560014913197,,,1443.9242172081163,1606.3791149486035,,,,,1470.8739170592435,1061.9574557834576,
1999-04-29,1488.545707313727,1157.07776970187,,,,,,,,,,1447.667999458186,,1348.871583164462,,1291.7056483531642,1472.5188863454896,,,
1999-05-06,,,,,1238.2911519062484,,,,1475.4322477292656,,,1440.9745840706607,1614.7259232488045,1338.26563890953,,,,1486.4062230817678,1046.0657930958723,
1999-05-13,1468.4191878280667,1163.9261544118503,,,,,,,,1241.6117947642092,,1452.9917360198062,,1325.7652489259228,,1296.7184003214347,1492.3524949016555,,,
1999-05-20,1471.4853563435943,1152.9091494171432,,,1256.2486198240965,1537.9779823110005,,1744.3702397708935,,,,,,,,,1510.1683371569932,,,
1999-09-16,,,,,1271.3981242350028,1519.4838186239385,,,,,,,1614.6520581911514,,,1311.959503516509,1492.7812726520606,,,
1999-09-30,1502.8274276868808,1147.6833054213905,,,,1527.1507195898891,,1731.962243938575,,,,1410.7599578069742,,,,,,1477.3860126930053,,
1999-10-07,,,1334.1286472193476,,1289.979562473045,,,,1510.0961687302677,,,,1608.0864530629385,,,1326.0789171321785,1486.835762066332,,,
1999-10-14,1491.1500103274825,,,,,1499.4658458157455,,,,,,,1588.1925894303906,,,,,1473.4473571513433,,
1999-10-21,,,1335.633158320844,,1302.3684083689175,,,,1490.8532192676248,,,,,,,1339.3167519765593,1512.306925737228,,,
1999-10-28,,,,,,1488.0120774623679,,1720.4288834222284,,,,,,,,,,,,
1999-11-04,1485.6918606276681,,,,,,,1720.8924834167713,,,,,1573.5253822937966,,,1328.8839552436245,,1467.2460322169454,,
1999-11-11,,1140.1286825200634,1321.7384414040255,,1333.827058831131,,,,1478.096028166904,,,1412.100781768667,,,,,1529.5548733654718,,,
1999-11-18,1497.227891773522,,,,1349.1803120829854,1506.2099442393674,,1717.0609881747628,,,,,1587.1291618008358,,,1303.8124666157871,,,,
1999-12-09,,1135.4442934326185,1322.0493159655773,,,,,,1476.6462800517047,,,1392.90494581038,,,,,1529.7969151588502,1467.5855050085172,,
1999-12-23,,,,,,1501.1646563849445,,,,,,,,,,,,,,
1999-12-30,1478.3739074690511,1123.2861688567864,1337.8091115079226,,1377.6822594081086,,,1713.8424213772405,1469.2634017079486,,,1395.3483674694705,1593.8775310458655,,,1303.9010652142226,1521.4325971094504,1472.916233979819,,
2000-01-27,1479.5484462066265,1117.513608932171,,,1392.5586724452064,1478.3769065225592,,1717.482244531132,1467.7080194509413,,,1400.4938261016232,1607.3950133951819,,,1287.4166265190331,1522.8063706284106,1456.569752708858,,
2000-02-17,1495.2388154996104,,,,,1466.3846136445206,,1727.1007064876526,,,,,1596.6139456309454,,,1274.3819059962645,,1467.3267788213702,,
2000-03-02,,,,,,,,,,,,1400.9540622400461,,,,,,,,
2000-03-09,,,1355.049142770481,,,,,,,,,,,,,,,,,
2000-03-16,,1112.472553653752,1367.417305625857,,1390.943494483597,,,,1468.5504107079528,,,1386.7158899543995,,,,,1514.8596772925698,,,
2000-03-30,1515.9830056932751,,,,,1435.6174742340759,,1731.0337160444847,,,,1399.6885502518771,1607.939284158982,,,,,1483.0161842129078,,
2000-04-13,,1129.29635424926,,,1396.5417731197242,,,,,,,,,,,1278.126161414758,,,,
2000-04-20,1531.4992550649665,1124.671274195379,,,,1436.1330317994634,,1732.7824238051273,,,,1392.8206928599163,,,,,,1463.1470786890154,,
2000-04-27,,1117.2435876614616,1391.5287338984976,,1405.6248523489066,,,,1456.3460868138793,,,,1574.5384893270816,,,1272.3531710935215,1512.9108396384036,,,
2000-05-04,1554.9837987696033,1110.103935578213,,,,,,1740.0726364706125,1441.7633119899835,,,1393.2028916248871,,,,,,1461.7141006243207,,
2000-05-11,1562.6266196871125,,1408.6177065032248,,1398.6624150661405,1418.6076184683764,,,,,,,1550.7143308590046,,,1281.4354647211642,,,,
2000-05-18,,1097.4347831152554,1403.1811581776715,,,,,,1441.9846712060885,,,,,,,,1529.3815574458313,,,
2000-05-25,,,,,,,,1755.2066796394895,1424.1526290420913,,,1369.4963610276104,,,,,1534.3728960860046,1478.0349380294767,,
2000-08-24,,,,,,1395.6213313755713,,,,,,1384.3964304758533,,,1286.895676635884,1309.4941162141502,1539.5583618479352,,,
2000-08-31,,,1399.2711298224224,,1391.88477915305,1401.0266770208664,,,,,,1379.7325932331894,1542.8434307000948,,,,,1463.6864254513052,,
2000-09-07,1559.9949877117645,,1373.884359989645,,,,,1763.4552276482252,1447.1130642576913,,,1378.3503573689236,1544.2395029254621,,1268.824642648279,1314.1349786012124,1520.4511902376876,1470.2499783810742,,
2000-09-14,,,1359.888716216127,,1409.0881390889347,1378.8841727921258,,,,,,1383.7185372786164,,,,1348.836162672018,1537.370317649062,,,
2000-09-21,1575.3441253122035,,,,,1386.7889063081698,,1749.163277705023,,,,,,,1255.3323857960113,1338.9429584966354,,1507.7640155275012,,
2000-09-28,,,1372.8688528636371,,1411.2688766912383,,,,1463.983118528455,,,1392.9564262734511,1545.5865192766666,,,,1549.455148016207,,,
2000-10-05,1548.5118747398194,,,,1418.5825741383123,1362.776455623114,,,,,,,,,1269.0040826326185,1342.1362518599606,,1505.0204177905628,,
2000-11-23,1551.9087359220575,,1371.2633137075986,,1432.2618739382867,,,1723.2023110520565,1454.1171079755234,,,,1540.3581042006826,,,,,,,
2000-11-30,1554.138858168688,,,,1441.4887649305124,1352.0187381879296,,,,,,1417.7106397452999,1544.4354677227136,,,,,1505.9634556433523,,
2000-12-07,,,1382.2382789260225,,,,,1730.217973563514,1452.5425288714566,,,,,,1253.033013503817,1343.6220840270507,1522.749528250646,,,
2000-12-21,,,1391.6659401157249,,,,,1733.880741978854,1463.131155834573,,,,1565.8537435793617,,,1349.4828241375942,1526.6207325143923,,,
2000-12-28,1536.9300231252707,,,,1435.6652758842952,1325.480578458332,,,,,,1402.1215420984304,,,1244.539893273986,1334.4007224962113,,1516.0819062823932,,
2001-01-04,,,,,,,,,,,,,1567.8190024413382,,,,1510.9608186018586,,,
2001-01-11,1557.5715574040414,,1407.3640901576812,,,,,,,,,,,,1262.167110442471,,,,,
2001-02-08,,,,,,1332.4542884148466,,1747.9020116800882,,,,,,,,,,,,
2001-02-15,,,1411.9772603359488,,1396.251532715772,,,,1443.514678329767,,,1416.070308443721,1560.8140269400692,,,,1497.6145308930338,,,
2001-02-22,,,,,,,,,1447.3171612234687,,,,,,,,,,,
2001-03-01,1548.1450369934767,,,,,,,1757.0001189219531,1442.22233470129,,,,1563.8205120474042,,,,,,,
2001-03-08,,,,,,,,1758.0406617195486,,,,1396.9478883985535,,,,,,,,
2001-03-15,,,1405.2149642644324,,1396.5101129431089,1360.8513358703635,,,1422.1897713727142,,,1403.333045280579,1554.1222982283505,,,,1501.8761926263571,,,
2001-03-22,1554.7235777968658,,,,,,,1769.2274300871454,1435.2984861388675,,,,,,1238.743074166109,1305.8195641294976,1507.5815582638784,,,
2001-03-29,,,,,,,,,,,,,,,1224.5297395334762,,,1557.2247182979916,,
2001-04-05,1559.0809945328933,,,,1430.4474528438839,1380.42416947225,,,,,,1407.1684906725955,1548.4761229617318,,,,,1558.9903247013974,,
2001-04-12,,,,,,,,,,,,,,,1212.7284629788915,1325.5665216372895,,1562.8850408358855,,
2001-04-19,,,1409.0254314712392,,,,,1750.5817893617968,1422.1980526142193,,,,,,1207.5068037449594,1317.2940475770915,1506.1802895845794,,,
2001-09-06,,,1389.856719280135,,,1360.193264265099,1317.5636702390175,,,,,1430.7549187228979,,,,,,1577.7054226644534,,
2001-09-13,,,,,,1344.6833215140396,,1735.3677048367865,1442.256689622743,,,,1543.5065181344455,,,1348.2186162527796,1505.8175231710854,,,
2001-09-20,1520.3405650548646,,1402.6028380684986,,1409.3154218126206,,1303.9454127452993,,,,,1412.7905125381246,,,,,,1551.400358853295,,
2001-09-27,,,1408.2577631203228,,,1366.4076407175835,,1744.397844063909,1427.519326331981,,,,,,,1354.940718122787,1532.7685847511646,,,
2001-10-18,1521.3955017999883,,,,1431.241673822634,,1314.9272611618871,,,,,1438.1021944237673,1533.0844282036776,,,,,1516.2987294147251,,
2001-10-25,,,1412.9779021961353,,,1373.8375561901264,,1756.737183988868,1455.1076936076652,,,1443.1634704962414,,,,1365.6203975702251,,,,
2001-11-15,1514.1362964890454,,,,1431.4181467388833,,1331.6425988272115,,,,,,1510.2779125893862,,,,1517.7475847173293,1485.4383779930577,,
2001-11-22,,,1417.0952106494558,,,1395.0051116746272,,,1458.806463807486,,,1469.057282186536,,,,1356.5055824661113,1486.5916497124952,1489.8252457404858,,
2001-11-29,1509.3221285494546,,,,1434.6017161129664,,1311.7317745783694,1741.2150553305753,,,,,1480.7375361515076,,,,,,,
2001-12-06,,,1421.2329166865766,,1439.6700828666108,1376.1809061297445,,,1469.2777092333502,,,1445.7119963657678,,,,,,1488.587341783594,,
2001-12-13,1506.4956754750986,,,,,,1317.536327225844,1750.4613979077476,,,,,1504.8510507582496,,,1387.9448113942885,1483.1936803828382,,,
2001-12-27,,,,,,1360.949315404062,,1756.288847797862,1479.4508837317182,,,,,,,,,,,
2002-01-03,1512.4475622664106,,,,1442.5192924773794,,1306.7453249773848,,,,,,1512.557861289677,,,,1479.5666727691068,,,
2002-01-31,,,,,,1344.6555550848884,,,,,,1439.1010842541525,,,,,,,,
2002-02-14,1516.5505812807594,,,,1451.9944867888505,,1294.8692297357427,,,,,,1503.3033773834482,,,,1472.4983604780384,1512.19677338495,,
2002-02-28,,,1417.6212431394808,,,1327.9245294323766,,1765.9445291625882,1472.454717738185,,,,,,,1419.0438779725669,1451.4108446584146,,,
2002-03-14,1496.7223116011132,,,,1471.7242276383554,,1327.9771977600387,,,,,,,,,,,,,
2002-03-21,,,,,,1340.3560216418664,,1775.5405165711734,1478.9505493109962,,,,1504.722296639065,,,1423.54670779937,1461.4366897346035,,,
2002-04-04,1470.7954045311233,,1405.8276136945015,,1477.8870643930572,,1312.902977379908,,,,,1436.9340201182954,,,,,,1508.5809546384414,,
2002-04-11,,,,,,,,,1497.9161340334256,,,,,,,,,1516.1262686037423,,
2002-04-18,1467.3643254172973,,,,,,,1759.250943516224,1489.5889052251453,,,,1527.5882545704997,,,1423.4086569570609,1438.8331394247452,,,
2002-04-25,,,1383.3605855395667,,,,,1760.1777670445852,,,,,,,,1432.4211103220987,,,,
2002-05-02,,,,,,,,,,,,1444.6291063904107,1533.2656257628998,,,,,1534.1955246674047,,
2002-05-09,,,1397.6837493940989,,1485.5148570145627,1345.7945570037555,,,1471.3563878435596,,,1457.051061045443,,,,1455.1055820071601,,1542.6728081253493,,
2002-05-16,1436.6073207523636,,,,,,1285.6709772689164,1742.0755734662469,,,,,1543.3343775114301,,,1460.4966652754983,1399.0118454287835,,,
2002-09-05,,,1392.0075514702814,,,1329.3346366213555,1307.5985657688725,,1442.6383077440069,,,1467.3369186540076,,,,,,,,
2002-09-12,,,,,1513.5179207032352,,1320.8187549617226,1721.4374455283526,,,,,1549.5803590047776,,,,1425.593059055729,1548.4135588991526,,
2002-09-19,1443.6769696582055,,1376.7634095290575,,,1311.3205848783125,,,1437.802279772724,,,1446.363720587308,,,,1471.0805483732147,,,,
2002-09-26,,,,,1532.6803957642364,1324.2335217459092,1338.2096434771945,1706.3851431888174,,,,,1565.6125839746387,,,,,1553.6650798984397,,
2002-10-03,1437.7172453625449,,1391.808077807646,,,,,,1412.8847053242002,,,1449.2243420275547,,,,1474.961938390491,1426.2117031109376,,,
2002-10-10,,,,,1538.8695241092835,1332.708594167458,1343.231365205486,1689.6413127696328,,,,,1560.7040523146875,,,1481.5908452435135,,,,
2002-10-31,1415.8119632625815,,,,,,,,1395.1689959093026,,,1446.2301167327093,,,,,1413.4697867357327,1564.6476493266389,,
2002-11-07,,,,,1540.8011465397112,1344.0642338298853,1372.6260694476225,1701.7936654240498,,,,1428.172488949256,,,,1477.4315643277482,,,,
2002-11-14,1415.4516920820574,,1385.7170960778321,,,,,,1401.1788310887807,,,,1550.3118512776362,,,,1409.9547328211358,1551.029601376699,,
2002-11-21,,,1382.230785417231,,,1353.3114452773684,1395.815933564069,1717.6482099608525,,,,1401.3175730520334,,,,1473.2231956276999,,,,
2002-11-28,1414.0020128701854,,,,1553.0089146984135,,,,1423.6056736814678,,,,1539.706759290868,,,,1411.6153617756784,1516.707241635565,,
2002-12-05,,,,,1557.9270087179802,1360.1041823143769,1379.2784178057238,1677.9872180761304,,,,1376.6173221943802,,,,1497.791116619122,,,,
2003-01-02,1414.8387428740127,,1427.7952080965701,,,,,,1425.8924422492307,,,,1543.8539312399319,,,,1408.8232545502976,1542.5615226746354,,
2003-01-09,,,,,1582.0079129183987,1364.1218738991815,1381.4175272959662,1666.912137316297,,,,,1524.037432434528,,,1491.7044511023826,,,,
2003-02-06,1397.3747977483265,,1399.1433191158374,,,,,,1430.7584415792032,,,1372.7127728546725,,,,,1395.8402105498926,1543.208980681787,,
2003-02-13,,,,,1595.9356109870355,1344.4092910554234,1381.6910126287853,1676.808006390707,,,,,1521.0168203990665,,,,,1548.5240365972552,,
2003-03-06,1402.1887521488104,,1403.6576627820639,,,,,,,,,,,,,,,1552.8140080330575,,
2003-03-20,1389.8264724022529,,1393.8930006704948,,,,,,1406.3728355611913,,,1404.0862013918588,,,,1522.6290034440772,1371.7780417717374,,,
2003-04-10,1395.536676418665,,,,,,1384.7876604329224,1663.2387884448556,,,,,,,,,1356.435792872079,1567.324902432575,,
2003-04-17,,,,,1609.1783963017942,,,,,,,,1538.0719242985183,,,,,,,
2003-04-24,,,1378.946606821597,,,1367.6930213736694,,,1394.6643462039135,,,1413.915155692726,,,,1517.0050278232168,,,,
2003-05-01,,,,,1612.8626320978933,,,1647.0943591351065,,,,,1533.02326588979,,,,1365.684663887018,,,
2003-05-08,,,1379.0585212282272,,,1354.2572604870086,1415.2538668901855,1624.7853114364718,,,,1420.939531638935,,,,1494.5952846416926,,,,
2003-05-15,1395.839403412813,,,,1606.338288641828,,,,1424.301549681917,,,,1548.5669297549478,,,,1371.9125747561654,1569.6345983535914,,
2003-05-22,,,,,,,,,,,,,,,,,,1577.474995484763,,
2003-06-05,,,,,1588.939231669208,,,,,,,,,,,,,,,
2003-09-18,,,,,1590.2963547940012,1392.4705058513086,1393.3583920472104,1619.0198975204885,,,,1393.5610547560966,,,,,,,,
2003-09-25,1425.7583742987022,,,,,,,,1435.0878404281793,,,1405.0838047953118,,,1196.1802084001883,,1393.6005969275275,1582.5231648716517,,
2003-10-02,,,,,1579.6714923647442,1412.031389422643,1393.2131684261724,1618.3835389181518,,,,,1538.1156483582174,,,1451.966457365999,,,,
2003-10-09,,,,,,,,1597.5137746509072,1432.9936324863572,,,1416.4865602833816,,,1187.3176787817094,,1399.0153476077498,1552.1063247075876,,
2003-10-16,1466.0524278870696,,,,1574.5211989802633,1411.7462223044172,1394.6580343765804,,,,,,1523.7217719933735,,,1459.055247868809,,,,
2003-10-23,1472.2989032269074,,,,,1400.9543131106427,1409.9272167299318,,,,,,1528.9472882001608,,1177.7954006754605,,,1571.1828989609369,,
2003-10-30,,,,,1589.268397296904,1386.6763909279755,,1554.8120370897775,1449.7959564322632,,,1413.1956144559833,,,,,1373.8930294271113,,,
2003-11-06,1473.1331423291315,,,,,,1388.8673269034498,,,,,,1556.7187291255566,,1165.7816414715282,1463.0234918788494,,1585.2171443026818,,
2003-11-13,,,,,1559.8073686290104,1417.6405124496341,,1553.0040943819895,,,,1411.9147317615673,,,,1469.3192680393195,1369.8240791410954,,,
2003-11-27,1498.938354751497,,,,,,,,1462.307386934846,,,,1547.1125397364701,,1158.70372799117,1474.9531184341574,,1583.3152000066295,,
2003-12-04,,,,,1560.1500111455814,1393.8423367588055,,1538.9971005137838,1471.2278561691571,,,1419.3328633955514,,,,,1367.6021414688398,,,
2003-12-25,1522.8784367055716,,,,,,1410.106271308955,,,,,,1547.2709014738584,,1149.310042306191,1459.8818783895929,,1597.5246130063206,,
2004-01-01,,,,,1550.4417184027634,,,1535.6086350374899,1464.9008361325284,,,1426.8271091134438,,,,1461.8682289747414,1358.7064132969529,,,
2004-01-08,,,,,,,,1519.6014767323404,1450.7625648293852,,,1409.351396255827,,,1142.992916972574,,,1614.3430015125964,,
2004-02-12,1524.2672098494302,,,,1570.7674212049149,1419.9144131922233,1380.1410685085925,,,,,,1549.431715209417,,,1455.4749973489115,,,,
2004-02-19,,,,,1576.0143347180124,,,,,,,1387.7552722071011,,,1139.1652388486216,,1347.0719580658506,,,
2004-02-26,1529.2436600988199,,,,,,,,1450.7660978377435,,,,1564.5848350842155,,1135.776370016286,,1356.9382455402535,1634.1900418123585,,
2004-03-25,,,,,,,,1541.230876971395,1436.9569162138712,,,,,,,,,,,
2004-04-01,1548.522596758793,,,,,1399.4783175953437,1387.985799756147,,,,,,1567.9602778611966,,,1458.031895935088,,1634.901051124707,,
2004-04-08,1554.3858779587106,,,,,,,,1426.4926587159132,,,1384.3377547561704,,,1127.2822452900684,,1344.4859312315396,1641.3944793310995,,
2004-04-22,,,,,1579.768760440158,1406.8401527836982,1387.7589533698556,1554.5979532724548,,,,,1569.7468943734134,,,,,,,
2004-04-29,,,,,,,,,,,,,,,,1458.6374442067633,,,,
2004-05-06,,,,,1590.645859937195,1420.2117640548581,1377.639611243596,1555.6396664502993,,,,1362.8540094590714,,,,,1353.6863752364045,,,
2004-05-13,1543.1985901121107,,,,,,1363.4732480242185,,1418.0657035064926,,,,1584.1324488219275,,1115.6536044623488,,,1619.589330978345,,
2004-05-20,,,,,,,,,,,,,,,,,,1626.990995381328,,
2004-06-03,1529.5788165051606,,,,,,,,,,,,,,,,,,,
2004-09-09,,,,,,,1354.5314308136767,,1426.504641602195,,,,1583.7865601553806,,,1472.6895001512669,1390.309673048649,,,1285.9279879761098
2004-09-16,1502.2623114465966,,,,1593.3294870526154,1397.1887555363392,,1565.4772563929598,,,,,,,,,1395.8217111326971,1602.3983762242497,,
2004-09-23,,,,,,,1343.3197398689024,,1410.8100599883574,,,1413.6501980564472,1577.5867004170916,,,1498.9147596253122,,,,1271.6432881350509
2004-09-30,,,,,1613.4197524770786,1376.6999535780649,,1585.4930356186958,,,,,,,,1501.9737488797186,1372.200805275658,1613.7493779831354,,
2004-10-07,1534.8870296226346,,,,,,1349.6778005600395,,1414.7065804195959,,,1399.7296221634515,1554.0636961941034,,,,,,,1280.8366470588107
2004-10-14,,,,,1604.7190368250547,,1356.1187828215172,1590.0015141169238,,,,,,,,1494.2003374301876,1379.920523711875,1631.7771468010046,,
2004-10-21,1527.3662914854708,,,,,1352.9841005436485,,,1415.2501412480967,,,1392.1714069101074,1521.0579671713692,,,,,,,1268.7825932553885
2004-11-11,,,,,,,1388.542093842882,1607.4503094882919,1419.7916891699135,,,,,,,1517.211516983998,1372.9489337649513,1647.3265047796892,,
2004-11-18,1546.6862495891253,,,,1586.4861416520746,1360.03193248152,,,,,,1395.58976173673,1488.3778697591547,,,,,,,1258.9442450406939
2004-11-25,,,,,,,1369.3324507096245,,1446.024321435202,,,,1466.403601126849,,,1488.8692755941186,1379.9697563385787,1656.7673389940505,,
2004-12-02,1562.682244361341,,,,1576.3309034291424,1388.7005365243442,,1621.1532918376936,,,,1399.5933562568998,,,,,,,,1301.3637137758674
2004-12-30,,,,,,,1345.9720178773446,1623.0447574778266,1424.6652799416354,,,,,,,1494.0087944282682,1373.4637614267033,1643.0097037933729,,
2005-01-06,1530.3461292342895,,,,1554.9500839720774,1384.4618817671915,,,,,,1426.021794223329,1476.259604762128,,,,,,,1312.338866755608
2005-02-03,,,,,1557.7798020693594,,1351.8790553757594,1640.4172907749364,,,,,,,,1491.0896704687411,1404.109025446072,1630.984976309689,,
2005-02-10,1549.331839436236,,,,,1396.4548808804486,,,1387.4886127902487,,,1432.456156879885,1449.5412989512702,,,,,,,1319.4334813085304
2005-02-24,,,,,1551.8170500719666,1377.6732855416449,,1644.6634598953212,,,,,,,,1508.6880854658305,1404.943932773141,1619.148762809163,,
2005-03-03,1519.8218426938458,,,,,,1323.5375933961416,,1396.045384832365,,,1429.3784878385407,1460.8658144328992,,,,,,,1352.6940903204836
2005-03-17,1523.937992625754,,,,1532.3980410474692,1408.0059188174093,,1632.1590230149357,,,,,,,,,1430.222203386366,1630.2275410807645,,
2005-03-31,,,,,,,1340.3671301001516,,1381.4496320437834,,,1406.9539955310806,1486.3616423472033,,,1471.7910474270395,,,,1334.8815447765107
2005-04-14,1543.7898090162807,,,,1522.4674673635086,1384.5187777427539,,1617.928835252831,,,,1388.3064389631313,,,,,,1645.1232423851422,,
2005-04-21,,,,,,,,,,,,,1485.2498203813532,,,1477.5159114216171,1455.0983847147568,1647.3187505035446,,
2005-04-28,,,,,,,1371.1757599411947,,1387.1664589507325,,,,,,,,,,,
2005-05-05,1533.9981579999426,,,,1493.8659535168576,1362.3085378156889,,1613.1867406468045,,,,1391.118818394333,,,,,,,,1364.5134875369733
2005-05-12,,,,,,,,,,,,,,,,,,1641.8673464383344,,
2005-05-19,,,,,,,,1597.6435101239306,,,,,,,,,,,,
2005-09-08,,,1385.9205460038345,,,,1375.4481973865613,1602.649278577865,,,,,,,,1491.6934095869901,,1661.2019839609811,,1365.0295654813474
2005-09-15,1501.701881878629,,,,1501.8037417341075,,,,1377.9954248229606,,,1368.8919131864152,,,,,1475.3054839645704,1655.430191623849,,
2005-09-22,,,1389.3347671871106,,,,1362.8695464364675,1613.8755106846993,,,,,1465.3936769203979,,,1488.7302796842926,,,,1394.1791433942292
2005-09-29,,,,,1521.8526945111207,,1355.0272376679109,,1381.5638282033456,,,1375.9015364044606,,,,,1447.9388816279734,1664.7203655370415,,
2005-10-20,1517.9412254470394,,1366.0830116176246,,,,,1612.0015684064974,,,,,1464.6285454232975,,,1518.515016663922,,,,1399.0620730907904
2005-11-10,,,,,1517.8917795705265,,1337.1542352281112,,1388.8315128875965,,,,,,,,1470.719654535213,1652.8772806515935,,1414.9952699856296
2005-11-17,1499.4038400578759,,1371.473018905306,,,,,1602.2557623842533,,,,1364.4253862023374,1446.4314372885626,,,1534.299838844904,,,,
2005-11-24,,,,,,,1342.0557365068685,,1417.257511402506,,,,,,,1545.1175606538309,1481.1079524069332,1666.6830791864459,,1417.0364165139088
2005-12-01,1474.6072965941266,,1378.9998011099408,,1507.428245115311,,,1595.4164867839895,,,,1377.8806741651001,1416.833858394558,,,,,,,
2005-12-29,,,1395.048341910419,,,,1346.6612767492325,,,,,,,,,1535.5637564905985,1454.8745656698393,1652.5574907804212,,1418.9254680620304
2006-01-05,1474.789180268175,,,,1507.0958947334666,,,1584.3986549699982,1422.7876211431253,,,1403.2090578988254,1419.5253333748153,,,,,,,
2006-01-12,,,,,,,1355.4499861667825,,1411.9545990046865,,,,,,,1554.7097642285705,1435.2851303333487,1663.9718542220069,,1393.4223520809005
2006-02-02,1477.238033992867,,1366.7274557069102,,1502.036241652525,,,1589.9823357563625,,,,1410.257120730493,1441.82636141732,,,,,,,
2006-02-16,,,,,1513.5648616193334,,1358.396265100292,,1414.405689078101,,,,,,,,1410.86863565663,1639.288699596443,,1398.339907529649
2006-02-23,1473.1967474928213,,1363.2233523381478,,,,,1582.319229179223,,,,1413.888485796303,1458.196993730735,,,1574.4801653395568,,,,
2006-03-02,,,,,1508.9613941946302,,1364.9275063247155,,1442.5348431153773,,,1428.2957988910605,,,,,1385.8592374239115,1640.4233175212787,,
2006-03-16,1497.9380748128656,,1366.5611027013554,,,,,1571.3664870747934,,,,,1459.4056323298691,,,1546.603040198002,,,,1401.9578271660166
2006-03-30,1483.949513733378,,,,1478.2828970220896,,,,1443.5322205206928,,,1406.4581731647675,,,,,1415.3717160062147,1625.6849704959243,,
2006-04-13,,,1395.8553978271673,,,,1344.3204823838396,,,,,,1483.4518665784085,,,1566.1057180937823,,,,1378.7990589882907
2006-04-20,1481.2967386227767,,,,1477.9789344435376,,,,1463.6238967212423,,,1411.7218377011056,1470.480893715914,,,,1445.3112061338568,,,
2006-04-27,,,,,,,,1607.225363532287,,,,,,,,,,,,
2006-05-04,,,1375.9705474151226,,,,1327.4030817947776,,,,,,,,,1558.0837625188597,1434.4888945413181,1581.1621498086904,,1382.8089576539285
2006-05-11,1480.7203366394294,,,,1476.27648700827,,,1620.885117547605,1490.8844210901468,,,1408.2091735721908,1470.2352838172635,,,,,,,
2006-05-18,,,,,,,,1625.7896387565772,,,,,,,,1581.3032296007748,,,,
2006-06-01,,,,,,,,,,,,,,,,1591.3005672206405,,,,
2006-09-07,,,,,1484.9279365103873,,,1623.527017378515,1491.0296504309654,,,,1476.865624301438,,,,1416.5292960864315,,,1360.3701169765238
2006-09-14,1485.8757804477887,,1386.6423744536469,,,1345.214394631087,,,,,,1408.809156614148,,,,1589.02075624854,,1601.7192354659153,,
2006-09-21,,,,,,,,1602.5280222677366,1466.1867023096906,,,,1480.3913660191947,,,,1427.797835051834,1604.354377574285,,1344.8214510123012
2006-09-28,1481.752780864069,,1421.4363361134385,,1511.921263090578,1335.01132336785,,,,,,1386.3805158561447,,,,1601.4076996538934,,,,
2006-10-19,,,1427.4053099413504,,,,,,1468.1684644160016,,,,1460.9415243678616,,,,1434.1975218991613,1592.373832375815,,1329.4948504864344
2006-11-09,1454.6914133162707,,,,1528.3130768767887,1342.149867210391,,1623.9764128717236,,,,1392.9155293203771,,,,1621.5261214056238,,,,
2006-11-16,,,1433.0457158917682,,,,,,1469.7266126105374,,,1374.8664334262626,,,,,1443.6270256397204,1589.4491865475927,,1315.0062174866425
2006-11-23,1432.7586180732242,,,,1553.401164766589,1367.3119963172207,,1613.3298034410464,,,,,1443.1175179335498,,,1583.8898520054913,,,,
2006-11-30,1440.1471882918986,,1462.15088257442,,,,,,1472.8353901350076,,,,,,,1587.1179825064194,1440.0533489785694,1564.0312385248606,,
2006-12-28,1453.7941944542602,,1466.3943695405012,,,1350.1855075863964,,1632.8223181371472,1497.9848913676,,,1404.4265214396835,1448.2966421571246,,,,1462.2772689948774,1559.2338213875655,,1309.3422177343518
2007-01-04,1457.8802010499328,,,,1540.535788432218,1375.3803959007644,,1623.4431393444372,,,,,1419.6894435807244,,,1539.3419444079568,,,,
2007-01-11,,,,,,1386.7145060475016,,,,,,1411.0777471843292,,,,1547.8878565284394,,1549.8732364971868,,
2007-02-01,1453.2381587141188,,,,1541.0180450014966,,,1610.5661999571914,,,,,1405.4340246208899,,,,1467.5439408312106,,,1322.857757958313
2007-02-22,,,1505.6445958052946,,,,,,1488.618276496327,,,,1388.1404847219965,,,,1478.557000363171,1554.1299446427952,,1316.105624802738
2007-03-01,1442.7049487366996,,,,1533.2767108295475,1409.575985357048,,1595.3479824689155,,,,1415.5262456757932,,,,1512.7848203139583,,,,
2007-03-08,,,,,,,,1599.108252241277,1512.2632401218802,,,,1397.9045722668368,,,,1491.0017655227487,1547.3509452539927,,1325.8686019572967
2007-03-15,1437.1830978258342,,1470.6858108521217,,1555.7975262903474,1394.2685452935907,,,,,,1420.9654704048373,,,,1482.1556445723054,,,,
2007-03-22,,,,,1560.0256952116893,,,1593.2262524139558,1537.4343585013062,,,,1389.556979790115,,,,1487.9276472422293,,,1357.9834079613938
2007-03-29,,,1468.797184315929,,1564.4902064902883,,,,1519.4216891937344,,,,,,,,,,,
2007-04-12,1433.3523374263273,,1474.1517785159415,,,1403.0574903925547,,,,,,1413.2728200592474,,,,1470.318992723266,,1556.5277582129254,,
2007-04-19,,,,,,,,,1510.7918597382218,,,1427.0497245058993,,,,1477.675455236842,1504.5046207660898,1560.3746728046704,,
2007-04-26,,,1487.2537933912188,,,,,,,,,,,,,,,,,
2007-05-03,,,,,1556.7185543742776,1408.5855621239884,,1600.2886738229683,,,,1410.523010791144,1384.9461863778158,,,,,,,1362.2191474778647
2007-05-10,,,,,1563.232735320975,,,1605.4325420456796,,,,,,,,,,,,
2007-05-17,,,,,1548.151208559695,,,,,,,,,,,,,,,
2007-09-20,1448.653151412755,,1464.0799425404682,,,1420.1460292417355,1312.513788964365,,,,,1420.916818255545,,,,,,1534.3218503593139,,
2007-09-27,,,,,,1425.578088742801,,1635.7432633461085,1492.4103894247633,,,,,,,1464.7937130208234,1487.9065752679971,,,1358.338793693943
2007-10-04,1454.0099254442239,,1465.0538500161224,,1574.7057462047815,,1296.9220338823554,,,,,1423.241116750495,,,,,,1519.1642145689364,,
2007-10-11,,,,,,1426.836001763268,,1629.9521952169541,1465.2742540881925,,,1428.2297267123106,,,,1466.2924534998722,,,,1343.5593192914696
2007-10-18,1478.5340902470004,,1462.590017483067,,1598.374654571377,,1302.1783123924295,,,,,,,,,,1522.2545766094024,1515.673170355806,,
2007-10-25,,,1466.8408290365094,,,1431.520586534825,,1619.5435535394367,1471.5111292935635,,,1406.0290033962908,,,,1471.8923587360218,,,,
2007-11-29,1500.7490899159523,,,,1589.3611984439724,,1292.09324412174,,,,,,,,,,1518.9452564465116,1509.5330375145809,,1319.4579005570488
2007-12-27,1504.107605927949,,1456.860693757875,,,1413.7936660131295,,,1468.8276305671704,,,1390.4762623512281,,,,1496.9299539344586,,,,
2008-01-03,,,,,1603.8678087520059,,1279.5095280175115,1616.5258142349169,,,,,,,,,1511.9202536211428,1520.0912626977338,,1301.8020471903196
2008-01-10,1508.0969491139474,,1462.7576633668245,,,1417.0173197797264,,,1474.122833053096,,,1416.2319183488185,,,,,,1522.9504302626028,,
2008-01-31,,,,,1598.0646455438296,,1267.0630437614086,1629.714125881355,,,,,,,,1502.404809478032,1510.1187578680044,,,1310.738421063871
2008-02-14,,,,,1582.622104819354,,,,,,,,,,,,1513.6355610607475,,,
2008-02-21,1483.4409783691895,,1461.6134374379114,,,1416.388565178858,,,1497.8713135310522,,,1424.8854510506126,,,,1505.3412497309664,,,,
2008-02-28,,,,,1574.0148673552633,,1255.270766741766,1610.9994124520688,,,,,,,,,1482.6479201248035,1538.8220913875175,,1292.0598012778005
2008-03-06,,,1439.96916255729,,,1448.7377605167121,,1612.559450828658,1515.226196652431,,,,,,,1503.304714870531,,,,
2008-03-13,1513.5018548391863,,,,1567.771961125666,,1243.739103363024,,,,,,,,,,1484.3709703547236,1544.6958780470538,,1332.6411410721514
2008-03-20,,,,,,1453.776535800129,,1599.3938218264327,1492.8458184221774,,,1399.046861303922,,,,1504.8867647276925,,,,1326.045566441364
2008-03-27,1510.78468449677,,1448.3898645430634,,,,1264.043779061836,,,,,,,,,,,,,
2008-04-03,,,,,,1476.6343842488839,,1581.6770771000674,1492.0280093895904,,,,,,,1513.5856304141507,1482.2425468220083,,,1342.5607936835702
2008-04-17,1513.316279271426,,1426.993402710598,,1546.9723495000546,,1251.8187473847008,,,,,1366.756108435414,,,,,,1584.0698136457333,,
2008-04-24,,,,,1549.127167601091,,,1575.0530098421038,1512.5155548823693,,,,,,,1525.1020052067788,1462.8908622616534,,,1329.2130037761447
2008-05-08,1530.3882541908358,,1403.1812495409577,,,1462.7985455170535,,,1515.0658032415606,,,1373.6102518649586,,,,,,1582.064512781973,,
2008-05-15,,,,,1574.5444354274975,,1241.8436404293138,1564.8422051647958,,,,,,,,1522.7248209325762,1463.1122521460745,,,1357.6004349627174
2008-05-22,,,,,1557.741134988302,,,,,,,,,,,,,1603.0172605395876,,
2008-06-05,,,,,,,,,,,,,,,,,,1610.8482405940185,,
2008-09-11,,,1383.9910760047815,,1541.77512854672,,,,1543.5365422472196,,,1348.9569925909093,1392.593419795735,,,,1446.425913948955,,,
2008-09-18,1512.9469347779855,,,,,1479.6527768721967,,1596.8628082336793,,,,1358.9249899106715,,,,1539.4611448334424,,1577.385377959525,,
2008-09-25,,,1367.267227952815,,1564.0379505845942,,,,1519.2192844891874,,,,1397.9456475804548,,,,1446.5715878529502,,,1363.5429652318328
2008-10-02,1534.307750330933,,1345.079310063331,,1558.705863442439,1458.5070924685833,,1589.488701210664,1543.5134331717718,,,1361.8073540117348,,,,1559.2597959086268,1453.5844721954136,1562.0030900495294,,1346.3451213129772
2008-11-20,1562.0171175183289,,1355.0009271313056,,,1483.1963809741346,,,,,,1348.1793134464592,,,,1528.368910858707,1453.4631926776065,,,
2008-11-27,,,,,1575.2560051779542,,,1587.1241098360565,1559.1369225659205,,,,1379.9187700594089,,,,,1533.1968327243078,,1375.7828968247559
2008-12-04,,,1342.5268625387635,,1578.8437342659665,1488.8483544668716,,,,,,1330.5537784679234,,,,1555.4545481765592,1454.1961364743865,,,
2008-12-25,1556.972496564423,,,,,,,1579.9990141591657,1577.2384332050951,,,,1388.7417206645498,,,,,1548.8487330947944,,1364.5908870875596
2009-01-01,1561.0668605221094,,1338.6190913030298,,,1476.0262845054654,,,,,,1325.0156077865552,,,,1555.2887820354624,1461.2892607241135,,,
2009-01-08,,,,,1583.9380798046109,,,1588.304310973273,1567.1158411139454,,,,1391.7359379824904,,,,,1546.8405480321926,,
2009-01-15,,,,,,,,,,,,1339.6247812911902,1407.1178412120373,,,1564.1822307829764,1461.122823003953,,,
2009-02-05,,,,,1574.693385307563,1476.0795495586044,,,,,,,,,,,,,,1357.7481297068907
2009-02-19,,,1310.4376668553284,,1583.1715753709161,,,,1531.2815971987063,,,,1411.0558774267804,,,,,1556.2095233947616,,1348.0910479225035
2009-02-26,1557.8494605874787,,,,,1506.3214726139909,,1566.7996577266094,,,,1367.4652743508498,,,,1567.970737116237,,1560.7792486694684,,
2009-03-05,,,1298.2293534447554,,1579.694893165816,,,,1520.781869980206,,,,1388.7813715185102,,,,1451.7965421713068,,,1360.8774047026373
2009-03-12,1552.4845877921591,,,,,1522.4454683835772,,1590.7039435598651,,,,,,,,1534.0244148797287,,1552.497595047919,,1345.3079028561942
2009-03-19,,,1288.9839100095514,,1579.182556952703,,,,1517.135322285861,,,1418.654520555509,1417.3784827966645,,,,1457.4451438017109,,,
2009-03-26,1545.3607460207413,,,,,1518.7667564772385,,1601.932190783626,1522.7626020614248,,,,,,,,,1547.2333662821552,,1357.952080263494
2009-04-02,1544.2477084505265,,1297.2836743270846,,,1522.7920009326156,,,,,,1428.658080605951,,,,1521.7386838490686,1464.5216092397088,,,
2009-04-09,1527.076089709095,,,,,,,1593.3755676077524,1525.8494020091337,,,,1425.530499956202,,,,,1532.6362432010155,,1355.7149910107612
2009-04-23,,,1285.960074587628,,1527.2850491930803,,,,,,,1410.1018226773904,1437.5026191445825,,,1524.5187422546744,1440.241034845464,,,
2009-04-30,1545.5967924549204,,,,,1535.7617000089474,,1606.8206284051453,,,,,,,,1530.472268524346,,1548.9469876981793,,1365.3676702131932
2009-05-14,,,,,,1518.943652653377,,1613.473492908804,,,,,,,,,,,,
2009-05-21,,,,,,,,1619.8535588271252,,,,,,,,,,,,
2009-09-10,,,,,1528.3669856851661,,1243.5644522079076,,,,,,1438.0635546859494,,,1542.0522281925976,1446.6246653827575,1556.5132594376855,,
2009-09-17,1514.1787264036789,,,,,1498.2266338545624,,,1532.668872775956,,,1404.1128862937546,,,,,1454.857595101107,,,1364.10020944315
2009-09-24,,,,,1500.59757463335,1480.3932148877466,1231.752118343404,1624.6406232895195,,,,,,,,1523.8547316000256,,1575.4917117514426,,
2009-10-01,1530.7353098609065,,,,,,,,1548.9487461115,,,1399.6236995019378,1452.1698417040586,,,,1482.1215999122485,,,1374.9514770328622
2009-10-08,,,,,,1491.8221415009484,1221.047395187114,1628.1449032930502,,,,1385.9577417163853,,,,1494.4535950350605,,1571.0644120664324,,
2009-10-29,1500.3797953553888,,,,1484.6289891461533,,,,1574.8082198424906,,,,1456.9866537134394,,,,1498.1852945618855,,,1359.898469825643
2009-11-05,1483.8163410349866,,,,,1502.5700894174229,,1621.7156011960813,,,,1413.2390837238772,,,,1492.8658728090231,,1561.5613045652328,,
2009-11-26,,,,,1489.7108492676298,,1234.3252581548634,,1555.5905534860672,,,,1462.9197565138275,,,,1524.8265282503553,,,1353.391854903086
2009-12-03,1469.2142961767001,,,,,1500.8085893797565,,1609.532100232111,,,,1418.5071028833427,,,,,,,,1355.4045851424726
2009-12-10,,,,,1487.898955401205,,1225.5819100981914,,1560.3839672777085,,,,1486.6676711316993,,,,1530.6223810549734,1561.9526896971954,,
2009-12-31,1470.3994400130618,,,,,1493.4584332203194,,1604.5312747868604,1567.957583673576,,,1390.6482349230264,,,,,,,,1352.390865456868
2010-01-07,,,,,1470.995891966297,,1238.11531611464,,,,,,1509.7709252240675,,,1496.1438648412975,1509.3466030881452,1555.3878902578185,,
2010-01-14,,,,,,,,1624.8408213782864,,,,,,,,,,,,
2010-02-18,,,,,1479.953189090899,,1233.7891164901062,,1538.2939597021402,,,,1515.4454802472258,,,,1513.8247114309845,1555.6774905687635,,
2010-02-25,1502.550213173205,,,,,1485.6290555129908,,1633.6501102910725,,,,1406.8311819705955,,,,1466.896264493505,,1562.8887752084531,,
2010-03-04,,,,,1483.7026250695335,,1274.9139996981066,,1544.5939058022705,,,,1518.583558971801,,,,1489.9899504006173,,,1361.191245032332
2010-03-11,,,,,,1483.9090780553736,1290.918142654528,1626.9249018980436,,,,1384.2108215512244,,,,1444.198506902926,,1550.7902168954972,,
2010-03-25,,,,,,,,,,,,,,,,1456.396053398029,,,,
2010-04-01,1538.4412562288614,,,,1480.7809958317075,,,,1544.4370474930122,,,1390.3777733821212,1541.736100794404,,,,1479.8676000161524,,,1348.7587428262461
2010-04-08,,,,,1477.6028987063996,1482.8304383502973,1279.4318148644747,1639.8927476168674,,,,,,,,1455.8917375550077,,1538.8882150300283,,
2010-04-15,,,,,,1486.2779165894449,,,,,,,,,,1439.893601223692,,,,1333.411696043479
2010-04-22,1543.052980556872,,,,,,,,1522.68618492606,,,1376.706087378212,1555.8264391739904,,,,1495.4792346874515,,,1324.0952108133783
2010-04-29,,,,,1481.4832740658944,,1307.8690090046862,1651.660501642276,,,,,1528.6875857940402,,,1415.8515828505952,,1531.69217014159,,
2010-05-13,1566.741898505185,,,,,1480.4776083044642,,1631.3834299873718,1496.4872416180135,,,1383.2261562184647,,,,,,,,1304.091071415439
2010-05-20,,,,,,,,1637.9406811986426,,,,,1527.8090981650118,,,,,,,
2010-06-03,,,,,,,,1643.8872761930054,,,,,,,,,,,,
2010-09-09,,,,1315.2304549858784,,,1297.5096951294774,,1506.6139730654475,,,,1540.347888613225,,,1416.7964304151474,,1537.5156978292841,,
2010-09-16,1574.5561146299633,,,,1480.7840099551127,1471.6994341568973,,1633.277236192588,,,,1389.714079708355,,,,,1539.7732361574365,,,
2010-09-23,,,,1324.4190834531098,,,1285.6368767805666,,1507.8620246716685,,,,1564.1704028502631,,,1422.149613657505,,1535.653646229521,,
2010-09-30,1570.0174748255974,,,,1483.5198424040993,1465.9120633095804,,1622.7001628212452,,,,1366.6096488603293,,,,,1556.8119617630466,,,
2010-10-07,1550.9845493934106,,,,,1471.550758172393,,,1522.7764084724465,,,,1558.0601268800647,,,1404.7684612830187,1567.5566980170106,,,
2010-10-28,,,,1307.4336600088418,1510.0887412749153,,1268.7851284750204,1618.6154030463117,,,,1351.6917573945075,,,,,,1521.9631674895707,,
2010-11-04,,,,,1522.3558711565033,1462.7708350672187,1261.0099590500345,,1537.324748024572,,,,1577.024587869045,,,,1554.3010739613271,,,
2010-11-25,1529.3601698820164,,,1336.4062329344674,,,,1610.9519799178086,,,,1363.1490535869568,,,,1400.9989252332764,,1538.4924146476776,,
2010-12-02,1513.164936156134,,,1347.1053026901882,1518.3944255141505,1461.6112495359744,,1613.707564133083,,,,,1594.437750890849,,,,,,,
2010-12-09,,,,,,,,,1508.5277966271371,,,,,,,,1565.5400969753289,1558.0641710514626,,
2010-12-30,,,,,,1466.2245711078956,,1629.9549459499756,,,,,,,,,1573.8075563981906,,,
2011-01-06,,,,1336.9345113642469,,,1268.7805762966784,,1482.2452010561276,,,,1574.382964822874,,,1402.4182668656354,,1553.4906893449715,,
2011-01-13,1531.7522683086895,,,,1504.9242268018077,1497.0707829910166,,1643.3700203172525,,,,1354.2394199790374,,,,,1565.0051661510736,,,
2011-02-17,,,,1347.0147747533415,,,1261.6711880812434,,1481.1074307977447,,,,1551.1806156043685,,,1392.805371261425,,1525.0315897636751,,
2011-02-24,1552.5717492739375,,,,1529.8140690024914,1488.684122084119,,1652.9649928771398,,,,1332.5841126464504,,,,,1583.476908138442,,,
2011-03-03,,,,1353.6988476544313,,,1245.770255730843,,1482.876969723597,,,,1525.5385355795936,,,1379.54515539566,,1505.6241825929794,,
2011-03-10,,,,1368.2257689983314,1555.7325408990687,,1262.4910315903098,1641.9654353200924,,,,1359.7453706236481,,,,,,1510.6183128810849,,
2011-03-17,,,,,,,1254.5715146470525,,,,,,,,,,,,,
2011-03-31,1539.9760082784774,,,,,1478.1150288847086,,,1471.829452396869,,,,1527.1719548876865,,,1379.6869585366173,1618.8355381483368,,,
2011-04-07,,,,,1547.8962327825875,1467.8327533283646,1261.867832965061,,1481.3495080458808,,,,1531.6917760718793,,,,1625.0046428805585,,,
2011-04-14,1537.6056842710975,,,,,,,,,,,1334.209832542556,,,,1389.7252033310722,,,,
2011-04-21,1544.0210529851392,,,1339.3102556295744,1549.5036904485114,,,1658.0490826674384,,,,1324.6228380923496,,,,1376.3854617890474,,1496.163235266945,,
2011-04-28,,,,,,,1267.6646149376982,,1479.4659289393012,,,1319.087131818607,,,,1358.7386805493456,1638.0877861437243,1481.2772298541022,,
2011-05-05,,,,,,,,,,,,1310.894164428579,,,,,,,,
2011-05-12,1569.7392278603556,,,1369.7922773556086,1547.2119236402527,1460.8209661223011,,1667.3755612869672,,,,,1550.3143576346977,,,,,,,
2011-05-19,,,,,,,,1672.5803882267066,,,,,,,,,1654.327332198499,,,
2011-06-02,,,,,,,,1655.5082401391667,,,,,,,,,,,,
2011-09-08,,,,,,,,1632.7724664405578,1458.7093092412217,,,1300.7335951202224,1553.5047500488815,,,,1649.8545126424567,,,1314.3095713605685
2011-09-15,1563.2424449437954,,,1398.3577156785047,1536.4242209411661,1488.8795191125885,,,,,,,,,,1357.202943587419,,1503.4844953249815,,
2011-09-22,1567.403184080686,,,,,1498.982660773176,,,,,,1289.1403052486348,1523.1299814197519,,,,1665.4579407123556,1483.0300238104157,,
2011-09-29,,,,1405.757320732545,1536.2010807744925,,,1609.8957683096548,1469.4645726149415,,,,,,,1391.2509512197378,,,,1299.672197351584
2011-10-06,1567.7940710803778,,,1398.6340488311566,1542.700162678128,1514.0366205765245,,,,,,1300.2328063191114,,,,,,,,1315.5028530073946
2011-10-13,,,,,,,,1580.615767615836,1467.4857884735654,,,,1499.4515450332287,,,1400.0497779070206,1689.037047394402,1468.8098548982816,,
2011-11-03,,,,,1517.8307378569407,1537.7238433758698,,,1454.0141722309638,,,,1502.9483646304807,,,1389.8810944289185,,,,1300.015634161225
2011-11-10,1551.4276847649405,,,1376.235889318081,,,,1583.0371601252546,,,,1291.57923473211,,,,,1701.9074498671682,1464.0478230301946,,
2011-12-01,,,,,1515.1058741397035,1557.7332701489388,,,1470.342783730116,,,,1533.6010163324866,,,1371.0240259830134,,,,1320.9101306223351
2011-12-08,1513.5683033610073,,,1399.4501577885926,,,,1604.307674846331,,,,1305.404192102291,,,,,1690.2108604109353,1442.5085926379165,,
2011-12-29,,,,,1505.5347982115154,1558.3537794125073,,,1473.589068801195,,,,1535.1075890199093,,,1397.8014978777449,,,,1307.8664539781869
2012-01-05,1512.9991224853236,,,1382.2766264447725,,,,1614.2853155371158,,,,1291.110295962647,,,,,1693.6064415336152,1415.6680507305452,,
2012-01-12,,,,,,,,1617.8154145001124,1472.446695950053,,,1277.7541532964462,1552.7860511964207,,,,1697.4626805404264,,,1342.9518037581067
2012-02-16,1512.138810628297,,,1411.8711271838736,1509.742604998793,1565.6477892490507,,,,,,,,,,1395.2647584602869,,1405.3179782349405,,
2012-02-23,1495.5688674901915,,,,,1568.6677815443854,,,,,,1289.9751696355256,1547.006705538104,,,,1684.836260282169,1389.038250042962,,
2012-03-01,,,,1413.9495787668563,1536.236375290946,,,1622.8046745310776,1438.0896396568126,,,,,,,1399.1916426350274,,,,1352.7307651035244
2012-03-08,1514.0898835984858,,,1421.986752719897,,,,1628.769901311197,,,,1293.4441192202196,,,,,1670.428041337292,1391.0359045425641,,
2012-03-29,,,,,1510.6872633508292,1560.7776140070691,,,1418.176383367608,,,,1558.8811909946435,,,1384.1603795298502,,,,1355.2412194343374
2012-04-05,1492.0665790430235,,,1449.3391413076874,,,,1640.5297943882429,,,,1298.4865112905832,,,,,1657.636849683929,1399.6685109113337,,
2012-04-19,,,,,1476.3861680498355,1584.4137474797303,,,1402.44807859418,,,,1559.4014197410943,,,1384.9597134138455,,,,1339.775752695782
2012-04-26,1485.438445490926,,,1449.3570403012063,1457.2253077718262,1570.3155995720756,,,,,,1314.7308167917406,,,,,,,,1325.4072203854996
2012-05-10,,,,,,,,1672.6511218748728,1426.6734584140634,,,,1575.3171463418219,,,1393.449246991017,1673.9852352154605,1371.0456308991852,,
2012-05-17,,,,,,1589.3120176986315,,1681.201576193208,,,,,,,,,,,,
2012-05-31,,,,,,1600.9817768445293,,,,,,,,,,,,,,
2012-09-06,,,,1453.1008846974398,1435.0347976325345,,,,,,1295.3081789534212,,,,,,1668.3205908760365,1362.5362676865745,,1311.7166780838381
2012-09-13,1497.4641618621122,,,,,1611.4398112409058,,1675.7275687602369,1407.6619793144891,,,,1584.3164943370878,,,1379.6336771029157,,,,
2012-09-20,1483.9536779250918,,,,,1614.4294083013315,,,,,1307.2834428953545,,,,,,1671.265640949004,1367.821649495367,,1311.144559871897
2012-09-27,,,,1450.9060801331545,1456.303358803931,,,1661.2442175731558,1408.9488502877887,,,,1600.0797747937436,,,1358.070774032494,,,,
2012-10-04,1477.745513770515,,,,,1617.1100002583778,,1664.5746784149405,,,1313.9121195031548,,1602.9718872283222,,,,,,,1320.8544800845516
2012-10-11,,,,1462.0216955657131,1477.0647517500327,,,,1412.686774752378,,1308.925677216319,,,,,1346.7111604020038,,1366.1804396772545,,
2012-11-01,1477.2143399122451,,,,1492.3453885597849,,,,1402.843185363967,,,,1573.8032498143118,,,,,1372.9454517272338,,1323.1384772601712
2012-11-08,,,,1458.6270944638445,,1617.6391583189718,,1661.482133916763,,,1316.8000067221412,,,,,1347.8411233011466,1690.711615924973,,,
2012-11-29,1476.5100671643518,,,,1491.9090583674606,,,,1377.870765340798,,,,1570.4187697456186,,,,,1389.3396744745335,,1338.6196623548285
2012-12-06,,,,1478.905230144568,,1606.2250533600175,,1647.281944227728,,,1324.7584722521835,,,,,1334.550185816271,1674.2367288221633,,,
2012-12-27,1462.9456385652866,,,,1496.2273740852502,,,,1360.2295392412218,,,,1563.4214625539591,,,,,1390.3038414341675,,1344.2435354275724
2013-01-03,,,,1466.4485508972107,,1624.3849322471451,,1658.5521209311796,,,1302.6343603032226,,,,,1336.5956438139185,1688.8049551347387,,,
2013-01-10,,,,1453.1166575362138,1471.7363380322367,,,,,,1296.8035663398746,,,,,,1690.394890036936,1414.9227197533785,,1329.3992415556195
2013-02-14,1461.5166985790686,,,,,1608.4647066898756,,1665.8050206437176,1396.7829638763974,,,,1552.2478675426273,,,1347.617631294497,,,,
2013-02-21,1468.0713826213907,,,,,1618.9090703000809,,,,,1280.6076318888354,,,,,,1674.4684754480982,1447.0166703031275,,1315.8517268867713
2013-02-28,,,,1441.825030848485,1484.92948841991,,,1639.4956713266135,1400.6533284787274,,,,1566.6307944155476,,,1354.6787585745615,,,,
2013-03-07,1471.5203641066494,,,,,1605.359368406219,,1641.7705770898935,,,,,1570.7697628586252,,,,1691.4688209878475,,,1324.5477294772204
2013-03-28,,,,1452.813333514134,1479.1724290103846,,,,1402.8696902367178,,,,,,,1365.0519492804656,1697.4460526424796,1412.384806772862,,
2013-04-04,1462.6059927515594,,,,1491.8598492667954,,,,1397.7007427163132,,,,1568.0063342582557,,,,,1405.5573084407847,,1306.3975696313232
2013-04-18,,,,1471.1025142943963,,1591.7347923903048,,1668.6980453527951,,,1261.512170927928,,,,,1382.9597232491394,1705.5141882740304,,,
2013-04-25,1473.4389082569394,,,,1495.4968125105652,,,,1396.1178716737406,,,,1578.0700523196615,,,,,1388.8004165777404,,1298.3726759150845
2013-05-09,,,,1494.119239515489,,1606.3786242085087,,1655.4574515109107,,,1266.504432202088,,,,,1388.1195122602676,1692.3807704585888,,,
2013-05-16,,,,,,,,1662.4571892035092,,,,,,,,,1672.4654311434774,,,
2013-05-30,,,,,,,,1668.802572898633,,,,,,,,,,,,
2013-09-12,,,,,1467.3143260094644,,,1670.1678369611886,1386.4828676481018,,,1321.7401077004606,1589.6651719933207,,,,,1371.1304732837114,,
2013-09-19,1497.0125829731119,,,1493.4383111529032,,1591.1501361338044,,,,,,,,,,1388.4489456307351,1682.7684433551333,,,1274.0420453040026
2013-09-26,,,,,1477.5095877371805,,,1657.0180151949592,1386.286069629485,,,,,,,1396.2443513938879,1686.5290098929324,,,1268.0909199657292
2013-10-03,1498.7004012502207,,,1495.4631596126867,,1583.6828835667857,,,,,,1327.1569415142535,1596.8097225014983,,,,,1364.006181211321,,
2013-10-10,,,,,1472.870247621853,,,1662.1212484161465,1396.4325013316338,,,,,,,1404.8628457581506,1701.6825757809775,,,1247.9273360729865
2013-10-31,1494.595501952054,,,1514.2884578127869,,1572.282043861443,,,,,,1351.807676155364,1614.8555803897964,,,,,1380.8577470741254,,
2013-11-07,,,,,1445.832559177616,,,1624.9093301575492,1377.5238336869033,,,,,,,1388.119204924976,1691.4835814928394,,,1237.491678056331
2013-11-28,,,,1516.1122029075195,,1595.4786319982293,,1627.6708115019321,,,,,1625.8178026016205,,,1392.5724316904812,,1386.8801318718454,,
2013-12-05,1523.9662371007862,,,,1431.2947287317654,,,,1358.6653921984184,,,1339.7336430459698,,,,,1704.2057125157714,,,1228.8355082612884
2013-12-26,1535.1918202534016,,,1511.6849643423827,1434.758310365483,,,,,,,,,,,1398.084680895737,1710.709447139334,1394.374022639817,,
2014-01-02,,,,,,1598.319993170386,,1634.104303514903,1337.5303400737027,,,1321.1252287827085,1644.159378620209,,,,,,,1222.7209017086752
2014-01-09,,,,,1440.9687927717716,,,1627.114700381546,1342.788789150431,,,1307.1565412046384,1651.2534831247988,,,,,1420.7220234087524,,
2014-02-13,1539.6707386011371,,,1482.741150717591,,1595.2756490788613,,,,,,,,,,1418.6480553527072,1697.1593791463335,,,1213.5882488040054
2014-02-20,,,,1468.1711397030774,,1597.476352327539,,1634.5021377336325,,,,,1663.1688084841464,,,1411.631841473324,,1398.6376025018712,,
2014-02-27,1558.590112030543,,,,1442.3379513437706,,,,1376.5690501964689,,,1297.0544531080754,,,,,1707.1021616806906,,,1203.1141814513785
2014-03-06,1547.2920796838196,,,1471.1548791071555,,1584.396836703976,,,,,,1291.8081806068662,1671.1285583161834,,,,,1378.6841318939746,,
2014-03-27,,,,,1443.7753487226196,,,1651.5546590499455,1360.3532086392686,,,,,,,1453.4048502126568,1723.2145143597104,,,1191.450897969249
2014-04-03,1538.1143254853525,,,1449.9871740767414,,1582.7679804306424,,,,,,1268.0138332592633,1637.908220689008,,,,,1383.4633769951424,,
2014-04-17,,,,,1447.1504370341684,,,1670.418667578842,1363.065633490256,,,,,,,1460.2039387706259,1734.5848969122046,,,1202.51395516437
2014-04-24,1553.5859693832358,,,1441.7700541819754,,1606.5181988885754,,,,,,1259.2841705287292,1634.5239781074686,,,,,1391.9342218461475,,
2014-05-08,1552.3644019328947,,,1431.0477550782784,1442.6541369461868,,,,,,,,,,,1466.5377704746288,1737.9908637980789,1396.7788971067996,,
2014-05-15,,,,,,1623.7912196099744,,1680.2850963079266,1366.7430908626068,,,1244.1330873222614,1638.6283397479106,,,,,,,1217.2124445556149
2014-05-22,,,,,,,,,,,,,1648.528114551905,,,,1732.689674758256,,,
2014-06-05,,,,,,,,,,,,,,,,,1713.7180536662604,,,
2014-09-11,,,,,,,,1671.446929986997,1358.9164149787352,,1256.1366504954892,,1670.3421799189207,,,1440.800804689626,1715.609193521485,,,
2014-09-18,1561.2189704307807,,,1442.8796206275067,1432.019264420086,1612.6658053627743,,,,,,1230.6018778005086,,,,,,1409.9836896406105,,
2014-09-25,1573.865403957912,,,,1415.8808541898718,1616.1255603884272,,,1366.4276529331473,,,1226.9504343630822,,,,1435.619198799687,,,,
2014-10-02,,,,1473.0255970440573,,,,1644.7299156411925,,,1239.4690468600568,,1662.0964206855856,,,,1736.101040122487,1410.3996227232092,,
2014-10-09,1582.1872015996782,,,,1442.674934032584,1603.6207700008551,,,1382.1559186361114,,,1240.1997103490107,,,,1441.2780331727106,,,,
2014-10-16,,,,1462.2075720240869,,,,1636.3427580492646,,,1221.5458748238505,,1672.328761428117,,,,1724.0425436901767,1417.4186147079215,,
2014-11-20,1569.3749199234371,,,,1429.2831926910458,,,1635.3625703582113,,,,,1650.6628290888214,,,1444.8507142249234,,1420.9968817715671,,
2014-11-27,,,,1490.4800198180374,,1586.1653565210456,,,1359.7320919189078,,1214.2370870793472,1269.2609947409505,,,,,1706.312984875343,,,
2014-12-04,1587.6159273361914,,,1506.5092428532394,,,,1642.1920007554538,1345.092038877991,,1211.1449340590896,1259.636243148412,,,,,,,,
2014-12-25,,,,,1418.3485563193522,1579.3325976298086,,,,,,,1680.0228205876035,,,1484.8026932574287,1691.0755617197728,1417.8054194479505,,
2015-01-01,1604.1466136000836,,,,1401.8383180109204,1566.3180529332458,,,1343.52302137026,,,1254.2762076626461,,,,1473.5516654967112,,,,
2015-01-08,,,,1472.271922445364,,,,1653.0996023978214,,,1200.5242674606645,,1694.0281407397204,,,,1696.1241772156152,1444.1322297211975,,
2015-01-15,1601.3395936919683,,,,1438.8369966771759,1582.5146113659928,,,1354.9745716565435,,,1260.1788381371734,,,,1480.2372583653948,,,,
2015-02-19,,,,1462.742755647137,,,,1645.242126634842,,,1186.8474171089892,,1679.3898323509916,,,,1684.4594906958398,1453.2222836071926,,
2015-02-26,1581.515218061173,,,,1438.1271122504916,1549.482283810185,,,1346.4833274596547,,,1259.537958769312,,,,1502.432239967016,,,,
2015-03-05,,,,1494.2106826255551,,,,1656.347873342498,,,1173.2963257351162,,1697.5976495948887,,,,1670.2119673396123,1458.4577174859696,,
2015-03-12,1575.9464916071488,,,1496.0908591330026,1435.1719382130834,1548.6041188171853,,,,,,1254.274516252691,,,,,,1449.3514517058707,,
2015-04-02,,,,,,,,1664.6185990912693,1359.2012129114905,,1167.444434832178,,1695.2584563157855,,,1498.3781324024499,1684.2065842368936,,,
2015-04-16,,,,1507.5310460506867,,1548.9617212080955,,,1372.5696462205228,,1160.444850768913,1243.0463806958699,,,,,1692.0928924144662,,,
2015-04-30,1588.7947750277979,,,,1427.0031071134838,,,1657.4518041515253,,,,,1688.5608433758512,,,1470.6862033651887,,1463.855867377043,,
2015-05-14,,,,,1433.7548851065774,1547.6349019241825,,,,,,,1689.1603713648185,,,1473.6803544056195,1661.9355465556278,1454.136315407709,,
2015-05-21,1608.491211454513,,,1525.5723239317138,,,,1676.4027307172205,1361.6899692163456,,1156.7038750804466,1255.086172387583,,,,,,,,
2015-05-28,1619.307364653998,,,,,,,,,,,,1662.9406523122514,,,,,,,
2015-06-04,1604.9165428993695,,,,,,,,,,,,,,,,,,,
2015-10-22,1611.0726918079888,,,,,1535.0415829185465,,,1355.3871526476305,,,1244.7104555741935,,,,,1698.7662356886212,,,1238.970539133286
2015-10-29,,,,1523.5940263983139,1432.4780082402415,,,1676.6403854211303,,,,,1642.432758300017,,,1466.6264608842173,,1462.8650839777713,,
2015-11-05,1578.3809695435739,,,,1436.043305412061,,,1679.9141420214746,,,,1236.4910823258592,,,,1481.2920772887107,1707.937512378615,,,
2015-11-12,,,,1544.2950622809842,,1555.265470060078,,,1341.0963283896185,,,,1614.0182261478344,,,,,1467.355092012724,,1240.9471067671618
2015-12-03,,,,1553.1602763526025,,,,1672.3408608665743,1329.0012532442067,,,,1617.779108566941,,,1465.081400184375,1722.4711944549624,,,
2015-12-10,1565.5107881086813,,,,1434.380800772644,1549.615121040911,,,,,,1234.9234469415978,,,,,,1465.471598178455,,1236.6939347669431
2015-12-31,1567.3133796786276,,,1572.4667037220154,,1542.3634213087207,,1676.7884698168743,1344.5741959470747,,,,,,,,,1457.894794677016,,
2016-01-07,,,,,1447.3278074929206,,,,,,,1253.4071203940084,1621.4643742482403,,,1458.6591369669504,1739.5082134197796,,,1228.6850503939936
2016-01-14,,,,1570.4377484430786,,1563.7591305563992,,1677.0013147261686,1344.8728319309098,,,,,,,,,1452.2931677377758,,
2016-02-04,,,,,1433.7923928248044,,,,,,,1266.4421354354135,1593.6639603082351,,,1463.9420838470367,1728.2533846650792,,,1220.263104484853
2016-02-11,1524.2872475152526,,,1564.5396664223792,,1529.8814897545565,,1663.503109117598,1344.7411687905544,,,,,,,,,1476.4701213454628,,
2016-02-18,,,,,1464.5401472384274,,,,,,,1283.998917745367,1611.0507907465105,,,1496.9918071488917,1716.956422667311,,,1208.9511620716835
2016-02-25,1512.9679827508494,,,,,1531.5786334881338,,,1333.0761480903666,,,1303.3034479341127,,,,,1719.647564868243,,,1227.2084495777656
2016-03-03,,,,1569.4536662930511,1466.1378506521341,,,1631.8754118623756,,,,,1593.2337518818804,,,1483.076173545022,,1525.4051917975007,,
2016-03-10,1509.9422864753808,,,,1476.6497305512066,,,1638.4946627604536,,,,1280.3337942721146,,,,1492.9017450976269,1695.3928601969933,,,
2016-03-17,,,,1565.137044557058,,1521.165659271055,,,1322.2601342926835,,,,1618.2765008970941,,,,,1527.7027071653079,,1260.9669407724127
2016-03-24,1504.6432659546738,,,1575.4346565067071,,1498.7510937103755,,1636.732027252463,1335.5801295985705,,,,,,,,,1534.9708989043052,,
2016-03-31,,,,,1432.2277755052585,,,,,,,1267.34869625203,1613.3719984197876,,,1494.480234606815,1694.3491926107938,,,1293.6463356031695
2016-04-07,1508.8234251122785,,,1572.5237532654978,,1496.4365332794332,,1626.4292910791696,1314.7484047186929,,,,,,,,,1553.4551154342166,,
2016-04-21,,,,,1442.0939893542184,,,,,,,1274.4751138947465,1586.7505089779224,,,1513.676852040053,1708.0708094509125,,,1283.7703049611189
2016-04-28,1509.141849438223,,,,,,,,,,,,,,,,,,,
2016-05-05,,,,1567.5550017026555,,,,1643.6692098582266,1294.6500256427225,,,,1592.9531343150556,,,1486.3419921676202,1709.0902683909774,,,
2016-05-12,1516.3632461283316,,,,1448.6087949192301,1488.663931492862,,,,,,1264.3870835309167,,,,,,1555.0027002326044,,1278.6713706765668
2016-05-26,,,,1589.5183131591848,,,,,,,,,,,,,1718.725912398836,,,
2016-06-02,,,,,,,,,,,,,,,,,1723.6484571085255,,,
2016-09-08,,,,,1438.2658729829275,1492.0908445790521,,,,,,1280.9128179712532,1585.7409047109436,,,,1724.6057411300744,1557.0890923497855,,
2016-09-15,1538.1093829082995,,1274.3633228642354,1563.5934759204285,,,,1615.720954935009,,,,,,,,1487.8238117412436,,,,1279.3436176704765
2016-09-22,1540.7140010371998,,,1569.7203590306947,,,,,,,,1272.8147908790531,,,,1469.7625373782992,1740.4572039758468,1577.9652767020405,,
2016-09-29,,,1265.7999601492231,,1433.5299694460255,1494.5624454029794,,1627.2838296948696,,,,,1570.6178393440814,,,,,,,1279.4998656360588
2016-10-06,,,1262.7386257891153,,1420.5286054641047,,,,,,,,1579.3063967648034,,,1481.12166554868,,1600.3767179489746,,1288.4810926906218
2016-10-13,1554.0950687103768,,,1559.5419385820348,,1500.5612271753519,,1615.006639305705,,,,1292.8046386157291,,,,,1730.986131189307,,,
2016-11-03,,,1246.0913911058121,1542.8741567465665,,1503.8325666153219,,,,,,,1572.3906546937521,,,,1736.2166668979035,1597.4439161829584,,
2016-11-24,1572.60576529534,,,,1438.3889330832908,,,1615.2496079371258,,,,1282.925219739067,,,,1475.6707857422455,,,,1276.6520660317194
2016-12-01,,,1239.5888063143145,1553.0879407925665,,1509.399532160936,,,,,,,1556.248746753115,,,,1746.043949277589,1588.2968641035034,,
2016-12-08,1576.5321942836981,,,,1439.9124051738368,,,1626.4938827910407,,,,1321.4028964087026,,,,1456.5746888265548,,,,1268.2141634312522
2016-12-29,,,1245.6019543073915,1577.2698867384365,,1500.6403381812331,,,,,,,1555.4605488175591,,,,1732.240015925861,1602.2702481523906,,
2017-01-05,1552.3800064775994,,,,1420.8172636013128,,,1603.5108445996786,,,,1313.3255006164054,,,,1429.1954586473098,,,,1275.5144634748124
2017-01-12,,,,,1425.3837833665855,1490.6058474673025,,,,,,1330.1082460368254,1569.7888806078133,,,,1736.6350231583622,1617.5096402679571,,
2017-02-16,1545.2412603835944,,1256.4371372622702,1598.0696682106768,,,,1599.2493715404714,,,,,,,,1428.1719455270513,,,,1293.016650952747
2017-02-23,1552.3311751846124,,,,1439.7241098257398,,,1600.921769080003,,,,1340.9710019012164,,,,1443.4254040615986,,,,1286.7451614941615
2017-03-02,,,1273.2886088638104,1606.8845784327634,,1479.4439645101086,,,,,,,1546.0963016280255,,,,1698.8492110925522,1609.8640941624415,,
2017-03-09,1519.9120496401285,,,,1420.5612739251858,,,1596.9367144613896,,,,1333.5326055530506,,,,1427.8918697398526,,,,1292.2740764015655
2017-03-30,,,1254.075646727152,1627.1756329420057,,1498.7084898891346,,,,,,,1543.7170907543368,,,,1707.5402700732668,1625.536417876241,,
2017-04-13,1527.9347450609885,,,1628.5956498755927,,,,,,,,1341.3364516873273,,,,1429.1291648879096,1710.895842747847,1631.6266927918882,,
2017-04-20,,,1248.1673966029196,,1428.387875870074,1483.5086497816776,,1602.945343269125,,,,,1527.20377597384,,,,,,,1302.562535024519
2017-05-04,1517.1185873360535,,,1645.7360717532495,,1497.3563851671067,,1606.7636676271268,,,,1346.115296606555,,,,,1722.1375391070328,,,
2017-05-11,,,1234.2651196681109,,1413.5986635219074,,,,,,,,1529.6405082378321,,,1428.4751897370768,,1634.2232014424458,,1289.0857294969846
2017-05-25,,,,1664.8451824023716,,,,,,,,,,,,,,1642.0544542074304,,
2017-06-01,,,,,,,,,,,,,,,,,,1626.3127166587296,,
